あ,IHクッキングヒーター・IH調理器,不燃ごみまたは粗大ごみ,,incombustible large
,ICレコーダー,不燃ごみ,各区役所等での使用済み小型家電の拠点回収にご協力ください。,incombustible
,アイスノン（保冷剤）,可燃ごみ,,combustible
,アイスピック,不燃ごみ,紙で包み「危険」と書いて不燃ごみ指定袋へ,incombustible
,アイス枕,可燃ごみ,,combustible
,アイロン,不燃ごみ,,incombustible
,アイロンプリントの紙,可燃ごみ,,combustible
,アイロン台,粗大ごみ,,large
,赤ちゃんパイプいす,粗大ごみ,,large
,空き缶（飲食用）,資源物(びん・缶・ペットボトル)の【缶】,水ですすぐ,can
,空き缶（飲食用以外のもの）,不燃ごみ,,incombustible
,空き缶のフタ（金属製）（飲食用以外）,不燃ごみ,,incombustible
,空き缶のフタ（プラスチック製）,可燃ごみ,,combustible
,空き缶のフタ（金属製）（飲食用）,資源物(びん・缶・ペットボトル)の【缶】,,can
,空きびん（飲食用以外）,不燃ごみ,,incombustible
,空きびん（有毒性の薬品が入っていたもの）,排出禁止物等,購入店・回収協力店等へ相談してください。,prohibit
,空きびん（飲食用）,資源物(びん・缶・ペットボトル)の【びん】,水ですすぐ,bottle
,空きびんのフタ（プラスチック製）,可燃ごみ,,combustible
,空きびんのフタ（金属製）（飲食用）,資源物(びん・缶・ペットボトル)の【缶】,,can
,空きびんのフタ（金属製）（飲食用以外）,不燃ごみ,,incombustible
,アクセサリー（指輪、ネックレスなど）（金属製）,不燃ごみ,,incombustible
,アクセサリー（指輪、ネックレスなど）のケース・容器（プラスチック製）,不燃ごみ,,incombustible
,アクセサリー（指輪、ネックレスなど）のケース・容器（紙製・木製）,可燃ごみ,,combustible
,アクリルタワシ,可燃ごみ,,combustible
,アコーディオン,粗大ごみ,,large
,アコーディオンカーテン,粗大ごみ,,large
,足ふきマット,可燃ごみ,,combustible
,アタッシュケース(硬いプラスチック製、金属製）,不燃ごみまたは粗大ごみ,,incombustible large
,アタッシュケース（柔らかいプラスチック製）,可燃ごみ,,combustible
,厚紙,資源物(古紙・布類)の【古紙（雑がみ）】,,paper
,圧着はがき（はがして読むもの。親展はがきなど）,可燃ごみ,,combustible
,圧力鍋,不燃ごみ,,incombustible
,アノラック（ウインドブレーカー）,可燃ごみ,,combustible
,油（自動車、バイク、機械用）,排出禁止物等,少量ずつボロ布などに含ませれば「可燃ごみ」で可,prohibit
,油（食用油）,排出禁止物等,少量ずつボロ布などに含ませれば「可燃ごみ」で可,prohibit
,油かす,可燃ごみ,,combustible
,油紙・油とり紙,可燃ごみ,,combustible
,油缶,不燃ごみ,,incombustible
,油こし紙,可燃ごみ,,combustible
,油こし器（金属製）,不燃ごみ,,incombustible
,油刺し,不燃ごみ,,incombustible
,油びん,不燃ごみ,,incombustible
,油よけ（コンロの周りに使用する、金属製のもので硬いもの）,不燃ごみまたは粗大ごみ,不燃ごみの指定袋に入る大きさに切断すれば「不燃ごみ」,incombustible large
,雨ガッパ,可燃ごみ,,combustible
,雨戸,粗大ごみ,,large
,雨どい（プラ製）,粗大ごみ,,large
,網（金属製）,不燃ごみまたは粗大ごみ,,incombustible large
,網（昆虫採集用などで長い柄（木製）のついたもの）,可燃ごみまたは粗大ごみ,可燃ごみの指定袋に入る大きさに切断すれば「可燃ごみ」,combustible large
,網（昆虫採集用などで長い柄（木製以外）のついたもの）,不燃ごみまたは粗大ごみ,不燃ごみの指定袋に入る大きさに切断すれば「不燃ごみ」,incombustible large
,網（昆虫採集用などの網の部分）,可燃ごみ,,combustible
,網入りガラス,粗大ごみ,,large
,編み機,粗大ごみ,,large
,網戸,粗大ごみ,,large
,網戸の網部分,可燃ごみ,,combustible
,編み針（木製）,可燃ごみ,,combustible
,編み針（木製以外）,不燃ごみ,,incombustible
,アルカリ電池,有害ごみ,,toxic
,アルバム,可燃ごみ,,combustible
,アルミガード（天ぷらガード）,可燃ごみ,,combustible
,アルミ加工紙,可燃ごみ,,combustible
,アルミ缶（飲食用）,資源物(びん・缶・ペットボトル)の【缶】,水ですすぐ,can
,アルミ缶（飲食用以外）,不燃ごみ,,incombustible
,アルミコーディングのプラ袋,可燃ごみ,,combustible
,アルミサッシ,粗大ごみ,,large
,アルミ製のコップ・皿,不燃ごみ,,incombustible
,アルミトレイ,不燃ごみ,,incombustible
,アルミパイプ洋服かけ,粗大ごみ,,large
,アルミ箔（アルミホイル）の芯,可燃ごみ,,combustible
,アルミ箔（台所用）,可燃ごみ,,combustible
,アルミ箔の皿・器など（手で曲げられるもの）,可燃ごみ,,combustible
,アルミホイール（自動車部品）,排出禁止物等,,prohibit
,アルミホイル（台所用）,可燃ごみ,,combustible
,泡だて器,不燃ごみ,,incombustible
,あんか,不燃ごみ,,incombustible
,安全ピン,不燃ごみ,,incombustible
,安全靴,可燃ごみ,,combustible
,アンテナ,粗大ごみ,小型のもので不燃ごみの指定袋に入れば「不燃ごみ」,large
,アンプ（楽器用）,粗大ごみ,小型のもので不燃ごみの指定袋に入れば「不燃ごみ」,large
い,いこう（衣桁）・えもんかけ,粗大ごみ,,large
,イコライザー,不燃ごみまたは粗大ごみ,,incombustible large
,石（自然石、漬物石、庭石）,排出禁止物等,,prohibit
,石臼,排出禁止物等,,prohibit
,衣装ケース（プラ製）,粗大ごみ,,large
,衣装箱・茶箱,粗大ごみ,,large
,移植ゴテ,不燃ごみ,,incombustible
,移植ベラ（プラスチック製・金属製）,不燃ごみ,,incombustible
,椅子（いす）,粗大ごみ,,large
,板（木製）（厚さ１０ｃｍ、長さは指定袋に入る大きさまで）,可燃ごみ,,combustible
,板（木製以外）（厚さ１０ｃｍ超１５ｃｍ未満、長さ１５０ｃｍ以内）,粗大ごみ,太さや長さがこれを超える場合は、千葉市廃棄物リサイクル事業協同組合（電話043-204-5805）へご相談ください。,large
,板ガラス,不燃ごみまたは粗大ごみ,紙で包み「危険」と書いて不燃ごみ指定袋へ(指定袋に入る場合),incombustible large
,一輪車,粗大ごみ,,large
,一升びん,購入店へ返却または資源物(びん・缶・ペットボトル)の【びん】,水ですすぐ,bottle
,一升びんのフタ（プラ製）,可燃ごみ,,combustible
,一升びんのフタ（金属製）,資源物(びん・缶・ペットボトル)の【缶】,,can
,一升びんのフタ（上が金属、下がプラスチック製）,資源物(びん・缶・ペットボトル)の【缶】,,can
,一斗缶,不燃ごみ,不燃ごみ指定袋（２０ℓ）をそれぞれひとつの品目に対して１枚ずつ縛りつけるか、テープなどで貼りつけて排出してください。,incombustible
,一斗缶（食用）,資源物(びん・缶・ペットボトル)の【缶】,,can
,一斗樽（木製）,可燃ごみ,,combustible
,一斗樽（木製以外）,不燃ごみまたは粗大ごみ,,incombustible large
,糸・毛糸,可燃ごみ,,combustible
,井戸ポンプ（家庭用）,粗大ごみ,,large
,イヌ・ネコのふん,可燃ごみ,,combustible
,犬小屋・犬用ケージ（柵）,粗大ごみ,,large
,犬の死体,環境事業所へ申込,,other
,犬のトイレ,不燃ごみまたは粗大ごみ,,incombustible large
,犬のトイレシート・砂,可燃ごみ,,combustible
,医薬品（液体のもの）,可燃ごみ,少量ずつボロ布などに含ませれば「可燃ごみ」で可,combustible
,医薬品（固形のもの）,可燃ごみ,,combustible
,イヤホン・ヘッドホン,不燃ごみ,各区役所等での使用済み小型家電の拠点回収にご協力ください。,incombustible
,衣料品の外袋（プラスチック製）,可燃ごみ,,combustible
,衣料品の留め具（購入した際の型崩れ防止用の留め具）（金属製・プラスチック製）,不燃ごみ,,incombustible
,衣類乾燥機,家電リサイクル対象,,recycle
,衣類乾燥機台,粗大ごみ,,large
,入れ歯,不燃ごみ,（市役所本庁舎に回収BOXを設置しています）,incombustible
,色鉛筆,可燃ごみ,,combustible
,色紙（いろがみ）,資源物(古紙・布類)の【古紙（雑がみ）】,金紙、銀紙は「可燃ごみ」へ,paper
,印鑑（木製）,可燃ごみ,,combustible
,印鑑(木製以外),不燃ごみ,,incombustible
,インクカートリッジ(パソコンプリンター用),店頭回収協力店へ,電器店等の店頭回収にご協力ください。お近くに回収協力店がない場合は「不燃ごみ」へ,other
,インクジェット写真プリント用紙,可燃ごみ,,combustible
,インクリボン,可燃ごみ,,combustible
,インスタントカメラ,不燃ごみ,,incombustible
,インスタントコーヒーびんの内蓋,可燃ごみ,,combustible
,インスタントコーヒー詰め替え用の袋,可燃ごみ,,combustible
,インスタント食品のタレ・具の袋,可燃ごみ,,combustible
,インスタント食品の容器・袋,可燃ごみ,,combustible
,インターホン,不燃ごみ,,incombustible
,インラインスケート,不燃ごみ,,incombustible
,飲料パック（紙製）（内側にコーティングのあるもの）,可燃ごみ,,combustible
,飲料パック（紙製）（内側にコーティングのないもの）,資源物(古紙・布類)の【古紙（紙パック）】,水ですすいで乾かしてからひもで十文字に束ねる,paper
う,ウィッグ（付け毛）,可燃ごみ,,combustible
,ウインドウファン（送風機、換気扇）,不燃ごみまたは粗大ごみ,,incombustible large
,ウィンドブレーカー,可燃ごみ,,combustible
,ウィンナーの包装袋（プラスチック製）,可燃ごみ,,combustible
,ウェイクボード,排出禁止物等,,prohibit
,植木ばさみ,不燃ごみ,,incombustible
,植木鉢,不燃ごみ,,incombustible
,植木鉢の土,排出禁止物等,,prohibit
,植木ポット（柔らかいプラスチック製）,可燃ごみ,,combustible
,ウエストポーチ,可燃ごみ,,combustible
,ウエットティッシュ,可燃ごみ,,combustible
,ウォーターベッド,粗大ごみ,,large
,ウォッシャー液容器（プラスチック製）,可燃ごみ,,combustible
,ウォッシュレット便座,粗大ごみ,,large
,うがい薬の容器（びん・プラスチック製）,不燃ごみ,,incombustible
,浮き袋（ビニール製）,可燃ごみ,,combustible
,浮き輪,可燃ごみ,,combustible
,うちわ,可燃ごみ,,combustible
,ウッドカーペット,可燃ごみまたは粗大ごみ,,combustible large
,ウッドクラフト,可燃ごみまたは粗大ごみ,,combustible large
,ウッドパネル,可燃ごみまたは粗大ごみ,,combustible large
,腕時計(ベルトが金属製）,不燃ごみ,,incombustible
,腕時計(ベルトが金属製以外）,不燃ごみ,ベルト部分はなるべく切り離して可燃ごみ,incombustible
,乳母車,粗大ごみ,,large
,羽毛ふとん,粗大ごみ,可燃ごみの指定袋に入れば「可燃ごみ」,large
,ウレタン製品,可燃ごみ,,combustible
,運動靴,可燃ごみ,,combustible
え,ＡＣアダプタ,不燃ごみ,,incombustible
,エアークッション、エアーパッキン（緩衝材）（プラスチック製）,可燃ごみ,,combustible
,エアーマット,可燃ごみまたは粗大ごみ,,combustible large
,エアコン（クーラー）,家電リサイクル対象,,recycle
,エアコン（室内機・室外機）,家電リサイクル対象,,recycle
,エアゾール缶,有害ごみ,,toxic
,エアゾール缶のフタ（プラ製）,可燃ごみ,,combustible
,映像・音響機器,不燃ごみまたは粗大ごみ,,incombustible large
,HDDレコーダー,不燃ごみまたは粗大ごみ,各区役所等での使用済み小型家電の拠点回収にご協力ください。　（投入口に入る大きさの物）,incombustible large
,栄養ドリンクのびん,資源物(びん・缶・ペットボトル)の【びん】,水ですすぐ,bottle
,液晶ディスプレイ一体型パソコン,排出禁止物等,家庭用パソコンリサイクルについて,prohibit
,液晶テレビ,家電リサイクル対象,,recycle
,枝（太さ１０ｃｍ、長さ５０ｃｍ以内）,可燃ごみ,ひもで束ねて、１回に出す量は片手で持てる大きさで3束程度。指定袋に入れなくて可。,combustible
,枝（太さ１５ｃｍ、長さ１５０ｃｍ以内）,粗大ごみ,太さや長さがこれを超える場合は、千葉市廃棄物リサイクル事業協同組合（電話043-204-5805）へご相談ください。,large
,枝切りバサミ,不燃ごみまたは粗大ごみ,,incombustible large
,絵の具,可燃ごみ,,combustible
,絵の具チューブ,可燃ごみ,,combustible
,絵筆,可燃ごみ,,combustible
,ＭＤ（ケースを含む）,不燃ごみ,,incombustible
,ＭＤプレーヤー（ポータブルタイプ）,不燃ごみ,,incombustible
,ＭＤレコーダー,不燃ごみまたは粗大ごみ,,incombustible large
,ＭＯディスク・ケース,不燃ごみ,,incombustible
,LD・LDのケース,不燃ごみ,,incombustible
,LDプレーヤー,粗大ごみ,,large
,LPガスボンベ,排出禁止物等,,prohibit
,エレキギター,粗大ごみ,,large
,エレクトーン（電子オルガン）,排出禁止物等,,prohibit
,絵を描いた画用紙,可燃ごみ,,combustible
,園芸用の支柱,不燃ごみまたは粗大ごみ,不燃ごみの指定袋に入る大きさに切断すれば「不燃ごみ」,incombustible large
,園芸用の土,排出禁止物等,,prohibit
,園芸用の農薬,排出禁止物等,,prohibit
,エンジンオイル（中身）,排出禁止物等,,prohibit
,エンジンオイルの缶,不燃ごみ,,incombustible
,縁石,排出禁止物等,,prohibit
,縁台,粗大ごみ,,large
,延長コード・テーブルタップ,不燃ごみ,,incombustible
,塩ビ管,不燃ごみまたは粗大ごみ,,incombustible large
,鉛筆・鉛筆の芯,可燃ごみ,,combustible
,鉛筆削り（手動・電動）,不燃ごみ,,incombustible
お,オイル（食用・自動車用・バイク用など）,排出禁止物等,少量ずつボロ布などに含ませれば「可燃ごみ」で可,prohibit
,オイルヒーター,粗大ごみ,,large
,オイル缶（食用）,資源物(びん・缶・ペットボトル)の【缶】,水ですすぐ,can
,オイル缶（食用以外）,不燃ごみ,,incombustible
,オイル容器（プラスチック製）,可燃ごみ,,combustible
,王冠（金属製フタ）,資源物(びん・缶・ペットボトル)の【缶】,,can
,応接用いす（スプリングあり）,排出禁止物等,,prohibit
,応接用いす（スプリングなし）,粗大ごみ,スプリングの有無は製造メーカーにお問い合わせいただくか、カッターなどで切り開いて確認してください。,large
,オーディオセット,粗大ごみ,,large
,オーディオラック(オーディオボード),粗大ごみ,,large
,オーディオ機器,粗大ごみ,,large
,オートバイ・原動機付自転車,排出禁止物等,,prohibit
,オーバーコート,資源物(古紙・布類)の【布類】,毛皮や綿の入ったものは可燃ごみまたは粗大ごみ,cloth
,オーブントースター,不燃ごみまたは粗大ごみ,,incombustible large
,オーブンレンジ,不燃ごみまたは粗大ごみ,,incombustible large
,桶・たらい（木製）,可燃ごみまたは粗大ごみ,,combustible large
,桶・たらい（木製以外）,不燃ごみまたは粗大ごみ,,incombustible large
,押し入れ収納ラック,不燃ごみまたは粗大ごみ,,incombustible large
,押しピン　,不燃ごみ,,incombustible
,押しピンケース,不燃ごみ,,incombustible
,おしゃぶり,可燃ごみ,,combustible
,落ち葉・枯葉,可燃ごみ,,combustible
,斧,不燃ごみまたは粗大ごみ,紙で包み「危険」と書いて不燃ごみ指定袋へ(指定袋に入る場合),incombustible large
,おはじき,不燃ごみ,,incombustible
,おひつ（御櫃）（木製）,可燃ごみ,,combustible
,おひつ（木製以外）,不燃ごみ,,incombustible
,汚物入れ,不燃ごみ,,incombustible
,お盆・トレー（木製）,可燃ごみ,,combustible
,お盆・トレー（木製以外）,不燃ごみ,,incombustible
,おまる（便器）,粗大ごみ,,large
,おむつ（紙・布）,可燃ごみ,汚物はトイレに流してから。小袋に入れてから指定袋に入れられます。,combustible
,おもちゃ（木製・布製など）,可燃ごみ,,combustible
,おもちゃ（その他）,不燃ごみ,,incombustible
,おもちゃの空き箱（紙製）,資源物(古紙・布類)の【古紙（雑がみ）】,,paper
,錘（おもり）,不燃ごみ,,incombustible
,折り紙（金紙・銀紙を除く）,資源物(古紙・布類)の【古紙（雑がみ）】,,paper
,折り紙（金紙・銀紙）,可燃ごみ,,combustible
,折り込みチラシ（新聞）,資源物(古紙・布類)の【古紙（新聞）】,,paper
,折りたたみ傘,不燃ごみ,,incombustible
,オルガン・電子ピアノ,排出禁止物等,,prohibit
,オルゴール,不燃ごみ,,incombustible
,おろしがね（おろし器）,不燃ごみ,,incombustible
,おわん(木製),可燃ごみ,,combustible
,おわん(木製以外),不燃ごみ,,incombustible
,温水器（電気・ガス）,粗大ごみ,,large
,温水洗浄機能付便座,粗大ごみ,,large
,温度計（水銀入り）,有害ごみ,,toxic
,温度計（水銀入り以外のもの）,不燃ごみ,,incombustible
,温風ヒーター,粗大ごみ,,large
,お菓子の缶,資源物(びん・缶・ペットボトル)の【缶】,,can
,お菓子の個包装・袋（プラスチック製）,可燃ごみ,,combustible
,お菓子の箱（紙製）,資源物(古紙・布類)の【古紙（雑がみ）】,,paper
,お玉（調理用具）,不燃ごみ,,incombustible
,お茶の缶,資源物(びん・缶・ペットボトル)の【缶】,,can
,お茶の袋（ティーパック）,可燃ごみ,,combustible
,お茶の袋（外袋）,可燃ごみ,,combustible
,お茶の入っていた袋（プラスチック製）,可燃ごみ,,combustible
,お茶の入っていた袋（紙製）,可燃ごみ,,combustible
か,カーコンポ,不燃ごみ,,incombustible
,カーテン,可燃ごみ,,combustible
,カーテンレール,粗大ごみ,,large
,カートカン（間伐材を使った飲料容器）,可燃ごみ,,combustible
,カード類,可燃ごみ,,combustible
,カーナビ,不燃ごみ,各区役所等での使用済み小型家電の拠点回収にご協力ください。,incombustible
,カーペット・じゅうたん（織物製）・ラグマット,可燃ごみまたは粗大ごみ,,combustible large
,カーペットローラー,不燃ごみ,,incombustible
,カーポート（解体したもの）,粗大ごみ,,large
,カーボン紙,可燃ごみ,,combustible
,懐中電灯,不燃ごみ,,incombustible
,貝の殻（牡蠣・あさりなど）,可燃ごみ,,combustible
,買い物カート（ショッピングカー、シルバーカー）,粗大ごみ,,large
,買い物かご（プラスチック製・金属製）,不燃ごみまたは粗大ごみ,,incombustible large
,買い物かご（木製・布製）,可燃ごみ,,combustible
,買い物袋（スーパーなどのレジ袋）,可燃ごみ,,combustible
,カイロ（金属製）,不燃ごみ,,incombustible
,カイロ（使い捨て）,可燃ごみ,,combustible
,香りのついた紙,可燃ごみ,,combustible
,化学薬品,排出禁止物等,,prohibit
,鏡,不燃ごみ,,incombustible
,鍵,不燃ごみ,,incombustible
,かき氷機,不燃ごみまたは粗大ごみ,,incombustible large
,角材,可燃ごみまたは粗大ごみ,太さ１５ｃｍ・長さ１５０ｃｍ超の場合は、千葉市廃棄物リサイクル事業協同組合（電話043-204-5805）へご相談ください。,combustible large
,学習机,粗大ごみ,,large
,学生服,可燃ごみ,,combustible
,額縁（木製）,可燃ごみ,,combustible
,額縁（木製以外）,不燃ごみまたは粗大ごみ,,incombustible large
,掛け布団,粗大ごみ,,large
,かご（硬いプラスチック製・金属製）,不燃ごみまたは粗大ごみ,,incombustible large
,かご（その他）,可燃ごみ,,combustible
,傘,不燃ごみ,不燃ごみ指定袋（２０ℓ）をそれぞれひとつの品目に対して１枚ずつ縛りつけるか、テープなどで貼りつけて排出してください。,incombustible
,傘立て（木製・ゴム製）,可燃ごみまたは粗大ごみ,,combustible large
,傘立て（その他）,不燃ごみまたは粗大ごみ,,incombustible large
,加湿器,不燃ごみまたは粗大ごみ,,incombustible large
,菓子等の空き箱（紙製）,資源物(古紙・布類)の【古紙（雑がみ）】,,paper
,菓子等の空き箱(木製),可燃ごみ,,combustible
,菓子の缶(金属製),資源物(びん・缶・ペットボトル)の【缶】,,can
,菓子箱（紙製）,資源物(古紙・布類)の【古紙（雑がみ）】,,paper
,菓子箱・缶の中仕切り(プラスチック製),可燃ごみ,,combustible
,菓子袋（紙製）,可燃ごみ,,combustible
,菓子袋（プラ製）,可燃ごみ,,combustible
,ガスオーブンレンジ,粗大ごみ,,large
,ガスコンロ・ガステーブル,粗大ごみ,,large
,ガスストーブ,粗大ごみ,,large
,ガスファンヒーター,粗大ごみ,,large
,ガスボンベ（LP・プロパン）,排出禁止物等,,prohibit
,ガスボンベ（卓上カートリッジ式）,有害ごみ,,toxic
,ガスボンベのフタ,可燃ごみ,,combustible
,ガスライター（使い捨てガスライター）,有害ごみ,,toxic
,ガスレンジ,粗大ごみ,,large
,ガスレンジマット（アルミはく製）,不燃ごみまたは粗大ごみ,,incombustible large
,ガス台,粗大ごみ,,large
,ガス炉（陶芸用）,粗大ごみ,,large
,カセット(卓上)コンロ（本体）,不燃ごみまたは粗大ごみ,,incombustible large
,カセットコンロ用ボンベ,有害ごみ,,toxic
,カセットテープ,可燃ごみ,,combustible
,カセットテープのケース（プラスチック製）,不燃ごみ,,incombustible
,カセットデッキ,不燃ごみまたは粗大ごみ,,incombustible large
,カセット式ガスコンロ,不燃ごみ,,incombustible
,カセット式ガスボンベ,有害ごみ,,toxic
,カセット式ガスボンベのフタ,可燃ごみ,,combustible
,カセット式テープレコーダー,不燃ごみまたは粗大ごみ,,incombustible large
,ガソリン,排出禁止物等,,prohibit
,ガソリン携行缶,不燃ごみまたは粗大ごみ,,incombustible large
,型抜き（プラスチック製・金属製）,不燃ごみ,,incombustible
,カタログ,資源物(古紙・布類)の【古紙（雑誌）】,表紙部分が紙以外の素材は取り除く。端をちぎった時にフィルム状のものが見えたら、コーティングがあるものです。コーティングのあるものは「可燃ごみ」へ。,paper
,楽器類（木製）,可燃ごみまたは粗大ごみ,,combustible large
,楽器類（木製以外）,不燃ごみまたは粗大ごみ,,incombustible large
,カッター（刃を含む）,不燃ごみ,,incombustible
,カッターナイフ,不燃ごみ,,incombustible
,カット綿,可燃ごみ,,combustible
,カット綿の包装袋（プラスチック製）,可燃ごみ,,combustible
,かっぱ・合羽(雨具),可燃ごみ,,combustible
,カップ（陶器製）,不燃ごみ,,incombustible
,カップボード,粗大ごみ,,large
,カップ麺・カップスープ・カップ味噌汁などの容器、具・スープの袋（紙製・プラスチック製）,可燃ごみ,,combustible
,カップ麺のフタ,可燃ごみ,,combustible
,カップ麺の外包装フィルム,可燃ごみ,,combustible
,かつら（つけ毛）,可燃ごみ,,combustible
,家庭用ゲームソフト,不燃ごみ,,incombustible
,家庭用ゲーム機,不燃ごみ,,incombustible
,家庭用廃油(天ぷら油等),排出禁止物等,少量ずつボロ布などに含ませれば「可燃ごみ」で可,prohibit
,蚊取り線香入れ・蚊とり器・蚊やり ,不燃ごみ,,incombustible
,蚊取りマット,可燃ごみ,,combustible
,金槌（かなづち）（日曜大工道具）,不燃ごみ,,incombustible
,画板（木製）,可燃ごみ,,combustible
,画板（木製以外）,不燃ごみまたは粗大ごみ,,incombustible large
,かばん（布製・革製・合皮製・ビニール製・プラ製）,可燃ごみ,,combustible
,かばん（アルミ製等の本体が金属でできたもの）,不燃ごみ,,incombustible
,画びょう,不燃ごみ,,incombustible
,花瓶,不燃ごみまたは粗大ごみ,,incombustible large
,壁紙,可燃ごみまたは粗大ごみ,,combustible large
,釜,不燃ごみまたは粗大ごみ,,incombustible large
,鎌,不燃ごみまたは粗大ごみ,,incombustible large
,かまぼこの板,可燃ごみ,,combustible
,紙おしぼり,可燃ごみ,,combustible
,紙おむつ,可燃ごみ,,combustible
,紙缶・紙皿（飲料用・菓子用など）,可燃ごみ,,combustible
,紙きれ（メモ用紙など）,資源物(古紙・布類)の【古紙（雑がみ）】,,paper
,紙コップ,可燃ごみ,,combustible
,かみそり・シェーバー,不燃ごみ,,incombustible
,かみそりの刃,不燃ごみ,,incombustible
,かみそり機,不燃ごみ,,incombustible
,紙ナプキン,可燃ごみ,,combustible
,紙粘土,可燃ごみ,,combustible
,紙パック,可燃ごみ,,combustible
,紙パック（500ミリリットル以上のもので内側が白色のもの）,資源物(古紙・布類)の【古紙（紙パック）】,水ですすいで乾かしてからひもで十文字に束ねる,paper
,紙パック（500ミリリットル未満のもの）,可燃ごみ,,combustible
,紙パック（内側にアルミコーティングのあるもの）,可燃ごみ,,combustible
,紙袋,資源物(古紙・布類)の【古紙（雑がみ）】,持ち手部分が紙以外の素材は取り除く。端をちぎった時にフィルム状のものが見えたら、コーティングがあるものです。コーティングのあるものは「可燃ごみ」へ。,paper
,紙やすり,可燃ごみ,,combustible
,ガム,可燃ごみ,,combustible
,ガム・キャラメルなどの個別の包装紙,可燃ごみ,,combustible
,ガムテープ,可燃ごみ,,combustible
,ガムの包装(銀紙の個包装),可燃ごみ,,combustible
,ガムの包装(紙製の外包),資源物(古紙・布類)の【古紙（雑がみ）】,,paper
,カメラ,不燃ごみ,各区役所等での使用済み小型家電の拠点回収にご協力ください。,incombustible
,カメラのケース(皮革・布製),可燃ごみ,,combustible
,蚊帳（かや）,可燃ごみ,,combustible
,火薬,排出禁止物等,,prohibit
,画用紙（クレヨン等油性のもので描いたもの）,可燃ごみ,,combustible
,画用紙（その他）,資源物(古紙・布類)の【古紙（雑がみ）】,,paper
,カラーボックス,粗大ごみ,,large
,カラオケ（ハンディタイプ）,不燃ごみまたは粗大ごみ,,incombustible large
,カラオケ（家庭用スピーカー式）,粗大ごみ,,large
,カラオケセット,粗大ごみ,,large
,からしのチューブ（フタを含む）,可燃ごみ,,combustible
,ガラスくず（破片）,不燃ごみ,割れた物は、紙で包み「危険」と書いて不燃ごみ指定袋へ(指定袋に入る場合),incombustible
,ガラスクリーナー容器（プラスチック製）,可燃ごみ,,combustible
,ガラス戸,粗大ごみ,,large
,ガラス食器類,不燃ごみ,,incombustible
,ガラス製品,不燃ごみ,,incombustible
,ガラス板,不燃ごみまたは粗大ごみ,割れた物は、紙で包み「危険」と書いて不燃ごみ指定袋へ(指定袋に入る場合),incombustible large
,軽石,排出禁止物等,,prohibit
,カレー（ルゥ）の容器（仕切りトレイ）・フィルム（プラスチック製）,可燃ごみ,,combustible
,カレー（レトルト）の袋（プラスチック製）,可燃ごみ,,combustible
,枯葉（木の葉）,可燃ごみ,,combustible
,カレンダー,資源物(古紙・布類)の【古紙（雑がみ）】,金属部分は取り外して不燃ごみへ,paper
,革製品（衣類）,可燃ごみ,,combustible
,革製品（衣類以外の物）,可燃ごみ,,combustible
,皮むき器（ピーラー）,不燃ごみ,,incombustible
,瓦（３枚程度まで）,不燃ごみ,量が多い場合は、購入店や施工業者等へ相談,incombustible
,缶（飲食用）,資源物(びん・缶・ペットボトル)の【缶】,水ですすぐ,can
,缶（飲食用以外）,不燃ごみ,,incombustible
,缶（飲食用以外）のフタ（金属製）,不燃ごみ,,incombustible
,缶（飲食用）のフタ（金属製）,資源物(びん・缶・ペットボトル)の【缶】,,can
,缶のフタ（柔らかいプラスチック製）,可燃ごみ,,combustible
,缶切り,不燃ごみ,,incombustible
,簡易式洋式便座,粗大ごみ,,large
,管楽器・弦楽器（木製）,可燃ごみまたは粗大ごみ,,combustible large
,管楽器・弦楽器（木製以外）,不燃ごみまたは粗大ごみ,,incombustible large
,換気扇,不燃ごみまたは粗大ごみ,,incombustible large
,換気扇のフィルター,可燃ごみ,,combustible
,感光紙・感熱紙,可燃ごみ,,combustible
,緩衝材（プラスチック製・紙製）,可燃ごみ,,combustible
,乾燥機（衣類用）,家電リサイクル対象,,recycle
,乾燥機（食器用、布団用）,不燃ごみまたは粗大ごみ,,incombustible large
,乾燥剤（シリカゲル）,可燃ごみ,,combustible
,乾電池,有害ごみ,,toxic
,乾電池（充電式）,排出禁止物等,一般社団法人JBRC（回収協力店が検索できます）,prohibit
,かんな,不燃ごみ,,incombustible
,感熱紙（レシートなど熱により発色する紙）,可燃ごみ,コインや爪などで強くこすると色が浮き出るものは感熱紙です。,combustible
,感熱発泡紙（点字本等）,可燃ごみ,,combustible
,乾物の缶,資源物(びん・缶・ペットボトル)の【缶】,,can
き,木（庭木）の枝・幹・根,,other
（太さ１０ｃｍ、長さ５０ｃｍ以内）,可燃ごみ,ひもで束ねて、１回に出す量は片手で持てる大きさで3束程度。指定袋に入れなくて可。,,other
,木（庭木）の枝・幹・根,,other
（太さ１５ｃｍ、長さ１５０ｃｍ以内）,粗大ごみ,太さや長さがこれを超える場合は、千葉市廃棄物リサイクル事業協同組合（電話043-204-5805）へご相談ください。,,other
,キーボード（パソコン用）,不燃ごみ,本体等をメーカーへリサイクルに出す場合は購入時の標準添付品(マウス、キーボード、スピーカー、ケーブルなど)も一緒に出せます。,incombustible
,キーボード（楽器）,排出禁止物等,,prohibit
,キーホルダー（金属製・プラスチック製などの燃えないもの）,不燃ごみ,,incombustible
,キーホルダー（木製・布製などの燃えるもの）,可燃ごみ,金属部分は取り外す,combustible
,機械油,排出禁止物等,,prohibit
,ギター,粗大ごみ,,large
,ギターケース（ナイロン製など柔らかいもの）,可燃ごみ,,combustible
,ギターケース（ハードケース）,粗大ごみ,,large
,キックボード,不燃ごみ,,incombustible
,木槌(さい槌),可燃ごみ,,combustible
,キッチンガード（アルミ製）,不燃ごみまたは粗大ごみ,,incombustible large
,キッチンスケール(はかり),不燃ごみ,,incombustible
,キッチンタオル・ペーパー,可燃ごみ,,combustible
,キッチンバサミ,不燃ごみ,,incombustible
,キッチンマット,可燃ごみ,,combustible
,キッチンラック,不燃ごみまたは粗大ごみ,,incombustible large
,キッチンワゴン,粗大ごみ,,large
,杵（きね）,粗大ごみ,,large
,木の板（厚さ１０ｃｍ、長さは指定袋に入る大きさまで）,可燃ごみ,,combustible
,木の板（厚さ１０ｃｍ超１５ｃｍ未満、長さ１５０ｃｍ以内）,粗大ごみ,太さや長さがこれを超える場合は、千葉市廃棄物リサイクル事業協同組合（電話043-204-5805）へご相談ください。,large
,着物（どてら・丹前等わた入りのものを除く）,資源物(古紙・布類)の【布類】,どてら・丹前等わた入りのものは「可燃ごみ」へ,cloth
,キャビネット,粗大ごみ,,large
,キャラメルの外包装フィルム,可燃ごみ,,combustible
,キャラメルの空き箱,資源物(古紙・布類)の【古紙（雑がみ）】,,paper
,キャラメルの包み紙(個包装),可燃ごみ,,combustible
,キャリア（車の上に取り付けるもの）,粗大ごみ,,large
,キャリアケース・キャリーケース,粗大ごみ,,large
,救急箱（薬箱）（木製）,可燃ごみ,,combustible
,救急箱（薬箱）（木製以外）,不燃ごみ,,incombustible
,急須,不燃ごみ,,incombustible
,給湯器,粗大ごみ,,large
,牛乳パック（500ミリリットル以上のもので内側が白色のもの）,資源物(古紙・布類)の【古紙（紙パック）】,水ですすいで乾かしてからひもで十文字に束ねる,paper
,牛乳びん,資源物(びん・缶・ペットボトル)の【びん】,水ですすぐ,bottle
,牛乳びんのフタ(プラスチック製),可燃ごみ,,combustible
,牛乳びんのフタ（紙製）,可燃ごみ,,combustible
,牛乳びんのフタのビニール,可燃ごみ,,combustible
,給油ポンプ（手動式）,可燃ごみ,,combustible
,給油ポンプ（電動式）,不燃ごみまたは粗大ごみ,,incombustible large
,教科書,資源物(古紙・布類)の【古紙（雑誌）】,,paper
,鏡台（ドレッサー）,粗大ごみ,,large
,経机,可燃ごみまたは粗大ごみ,,combustible large
,きり（日曜大工道具）,不燃ごみ,紙で包み「危険」と書いて不燃ごみ指定袋へ(指定袋に入る場合),incombustible
,霧吹きの容器（金属製）,不燃ごみ,,incombustible
,霧吹きの容器（金属製以外）,可燃ごみ,,combustible
,禁煙パイプ,可燃ごみ,,combustible
,金紙、銀紙,可燃ごみ,,combustible
,金魚鉢,不燃ごみまたは粗大ごみ,,incombustible large
,金庫(耐火金庫),排出禁止物等,,prohibit
,金庫（手提げ金庫）,不燃ごみ,,incombustible
,金属くず,不燃ごみ,,incombustible
,金属製ライター（ジッポ）,不燃ごみ,,incombustible
,金属バット,粗大ごみ,,large
く,空気入れ（自転車用、浮き輪用など）,不燃ごみまたは粗大ごみ,,incombustible large
,空気清浄機,粗大ごみ,,large
,空気清浄機のフィルター,可燃ごみ,,combustible
,クーラー(エアコン),家電リサイクル対象,,recycle
,クーラーボックス,不燃ごみまたは粗大ごみ,,incombustible large
,釘,不燃ごみ,,incombustible
,草刈り鎌,不燃ごみ,紙で包み「危険」と書いて不燃ごみ指定袋へ(指定袋に入る場合),incombustible
,草刈り機,粗大ごみ,バッテリーは除く,large
,草花,可燃ごみ,,combustible
,鎖（ゴム製・ウレタン製）（車用など）,可燃ごみ,,combustible
,鎖（プラスチック製）,不燃ごみ,,incombustible
,櫛（くし）・ブラシ（木製）,可燃ごみ,,combustible
,櫛（くし）・ブラシ（木製以外）,不燃ごみ,,incombustible
,串（木製）,可燃ごみ,,combustible
,串（木製以外）,不燃ごみ,,incombustible
,薬（錠剤、カプセル等),可燃ごみ,,combustible
,薬（飲み薬）の容器（びん・プラスチック製）,不燃ごみ,,incombustible
,薬（飲み薬）の容器のフタ（プラスチック製）,不燃ごみ,,incombustible
,薬（飲み薬錠剤）の個別包装ケース,可燃ごみ,,combustible
,薬の外箱（紙製）,資源物(古紙・布類)の【古紙（雑がみ）】,,paper
,薬の外箱（プラスチック製）,可燃ごみ,,combustible
,薬の外箱包装フィルム,可燃ごみ,,combustible
,薬の袋（紙製）,資源物(古紙・布類)の【古紙（雑がみ）】,,paper
,果物,可燃ごみ,,combustible
,果物・野菜の網・ネット,可燃ごみ,,combustible
,果物くず,可燃ごみ,,combustible
,果物の薄い包み紙,可燃ごみ,,combustible
,果物の箱の中の詰め物（プラスチック製・紙製）,可燃ごみ,,combustible
,果物の箱（厚紙製）,資源物(古紙・布類)の【古紙（雑がみ）】,,paper
,果物の箱（段ボール製）,資源物(古紙・布類)の【古紙（段ボール）】,,paper
,口紅,可燃ごみ,,combustible
,口紅の容器(プラスチック製・金属),不燃ごみ,,incombustible
,靴・長靴・サンダル・スリッパ,可燃ごみ,,combustible
,クッキングテーブル,粗大ごみ,,large
,クッキングヒーター,不燃ごみまたは粗大ごみ,,incombustible large
,靴下,可燃ごみ,,combustible
,靴下の帯巻き（紙製）（コーティングのないもの）,資源物(古紙・布類)の【古紙（雑がみ）】,端をちぎった時にフィルム状のものが見えたら、コーティングがあるものです。コーティングのあるものは「可燃ごみ」へ。,paper
,靴下の外包装,可燃ごみ,,combustible
,クッション,可燃ごみ,,combustible
,クッションフロア,可燃ごみまたは粗大ごみ,,combustible large
,クッション材（スポンジ等）,可燃ごみまたは粗大ごみ,,combustible large
,靴墨のチューブ,可燃ごみ,,combustible
,靴の紙箱（厚紙製）,資源物(古紙・布類)の【古紙（雑がみ）】,,paper
,靴の紙箱（段ボール製）,資源物(古紙・布類)の【古紙（段ボール）】,,paper
,靴の紙箱の詰め物（プラスチック製）,不燃ごみ,,incombustible
,靴の紙箱の中のの薄い包み紙・詰め物（紙製）,可燃ごみ,,combustible
,靴の中敷き,可燃ごみ,,combustible
,靴箱,粗大ごみ,,large
,靴べら（プラスチック製）,不燃ごみ,,incombustible
,靴べら（木製）,可燃ごみ,,combustible
,クラッカー（爆竹）（未使用）,排出禁止物等,,prohibit
,クリアファイル,可燃ごみ,,combustible
,クリーニングの包装袋,可燃ごみ,,combustible
,クリップ,不燃ごみ,,incombustible
,車いす,粗大ごみ,,large
,車のバンパー,排出禁止物等,,prohibit
,クレヨン,可燃ごみ,,combustible
,クレヨンケース(プラスチック製・紙製）,可燃ごみ,,combustible
,クレヨンケースの中敷(紙製),可燃ごみ,,combustible
,クレンザーの容器,可燃ごみ,,combustible
,グローブ・ミット (野球用),可燃ごみ,,combustible
,グローランプ・グロー球（点灯管）,不燃ごみ,,incombustible
,鍬（くわ）,粗大ごみ,,large
,軍手,可燃ごみ,,combustible
け,毛(髪の毛),可燃ごみ,,combustible
,蛍光管・蛍光灯,有害ごみ,,toxic
,蛍光管の外箱,資源物(古紙・布類)の【古紙（段ボール）】,,paper
,蛍光管の外箱の上の包装フィルム,可燃ごみ,,combustible
,蛍光ペン,不燃ごみ,,incombustible
,携帯音楽プレーヤー（MD・CD・MP３等）,不燃ごみ,各区役所等での使用済み小型家電の拠点回収にご協力ください。,incombustible
,携帯情報端末（PDA）,不燃ごみ,,incombustible
,携帯電話,店頭回収協力店へ,モバイル・リサイクルネットワーク（回収協力店が検索できます）,other
,携帯用発電機,粗大ごみ,,large
,携帯ラジオ,不燃ごみ,,incombustible
,毛糸,可燃ごみ,,combustible
,計量カップ（ガラス製・プラスチック製）,不燃ごみ,,incombustible
,計量スプーン,不燃ごみ,,incombustible
,計量ばかり,不燃ごみ,,incombustible
,ケーキ型,不燃ごみ,,incombustible
,ゲートボールのクラブ（ＦＲＰ製）,排出禁止物等,,prohibit
,ゲートボールのクラブ（木製）,粗大ごみ,,large
,ケーブル（アンテナ用など）,不燃ごみ,,incombustible
,ケーブル（パソコン用）,不燃ごみ,本体等をメーカーへリサイクルに出す場合は購入時の標準添付品(マウス、キーボード、スピーカー、ケーブルなど)も一緒に出せます。,incombustible
,ゲームソフト,不燃ごみ,,incombustible
,ゲームソフトのケース（柔らかいプラスチック製）,可燃ごみ,,combustible
,ゲーム機（家庭用ゲーム機）,不燃ごみ,各区役所等での使用済み小型家電の拠点回収にご協力ください。,incombustible
,ゲーム盤,不燃ごみまたは粗大ごみ,紙製や柔らかいシート状のものは「可燃ごみ」へ,incombustible large
,毛皮製品,可燃ごみ,,combustible
,劇薬（農薬、毒物）,排出禁止物等,,prohibit
,消しゴム,可燃ごみ,,combustible
,化粧品携帯ポーチ,可燃ごみ,,combustible
,化粧品のチューブ,可燃ごみ,,combustible
,化粧品のびんのフタ（プラ製）,不燃ごみ,,incombustible
,化粧品のびんの中フタ(プラスチック製),可燃ごみ,,combustible
,化粧品の容器(ガラス製）,資源物(びん・缶・ペットボトル)の【びん】,水ですすぐ,bottle
,化粧品の容器(プラスチック製）,可燃ごみ,,combustible
,化粧品の紙箱（においが移っていないもの）,資源物(古紙・布類)の【古紙（雑がみ）】,,paper
,化粧品の紙箱（においが移っているもの）,可燃ごみ,,combustible
,下駄,可燃ごみ,,combustible
,下駄箱,粗大ごみ,,large
,ケチャップの外包装,可燃ごみ,,combustible
,ケチャップの容器（ガラス製）,資源物(びん・缶・ペットボトル)の【びん】,水ですすぐ,bottle
,ケチャップの容器（ガラス製以外）,可燃ごみ,,combustible
,血圧計（水銀を使用しているもの）,有害ごみ,,toxic
,血圧計（水銀を使用しているもの以外）,不燃ごみ,,incombustible
,毛抜き,不燃ごみ,,incombustible
,玄関マット（室外用）（金属製）,不燃ごみまたは粗大ごみ,,incombustible large
,玄関マット（室外用・室内用）（金属製以外）,可燃ごみまたは粗大ごみ,,combustible large
,健康器具,可燃ごみまたは粗大ごみ,,combustible large
,健康ドリンクのびん,資源物(びん・缶・ペットボトル)の【びん】,水ですすぐ,bottle
,剣山,不燃ごみ,紙で包み「危険」と書いて不燃ごみ指定袋へ(指定袋に入る場合),incombustible
,原動機付自転車,排出禁止物等,,prohibit
,剣道の用具等,粗大ごみ,,large
,顕微鏡,不燃ごみ,,incombustible
こ,こいのぼり,可燃ごみ,,combustible
,工具・工具箱,不燃ごみまたは粗大ごみ,,incombustible large
,広告・チラシ,資源物(古紙・布類)の【古紙（雑がみ）】,,paper
,香水のびん,不燃ごみ,,incombustible
,紅茶（ティーバッグ）,可燃ごみ,,combustible
,紅茶（ティーバッグ）の個別包装紙,可燃ごみ,,combustible
,紅茶（ティーバッグ）の箱（プラスチック製）,可燃ごみ,,combustible
,紅茶（ティーバッグ）の箱（紙製）,資源物(古紙・布類)の【古紙（雑がみ）】,,paper
,紅茶(ティーバッグ型)パックの中の台紙,資源物(古紙・布類)の【古紙（雑がみ）】,,paper
,紅茶の缶,資源物(びん・缶・ペットボトル)の【缶】,,can
,こうり（行李）,粗大ごみ,,large
,コーキングガン,不燃ごみ,,incombustible
,コークス（燃料）,排出禁止物等,,prohibit
,ゴーグル,不燃ごみ,,incombustible
,コート（毛皮・革・綿入り・ビニール製）,可燃ごみ,,combustible
,コート（毛皮・革・綿入り・ビニール製を除く）,資源物(古紙・布類)の【布類】,,cloth
,コート掛け,粗大ごみ,,large
,コード（電気コード）,不燃ごみ,,incombustible
,コードリール,不燃ごみまたは粗大ごみ,,incombustible large
,コーヒー（インスタント）のびん,資源物(びん・缶・ペットボトル)の【びん】,,bottle
,コーヒーがら及びフィルター,可燃ごみ,,combustible
,コーヒーの缶,資源物(びん・缶・ペットボトル)の【缶】,水ですすぐ,can
,コーヒーびんのフタ(プラスチック製),可燃ごみ,,combustible
,コーヒーびんの内ブタ(紙製),可燃ごみ,,combustible
,コーヒーミル,不燃ごみ,,incombustible
,コーヒーメーカー,不燃ごみ,,incombustible
,氷枕,可燃ごみ,,combustible
,氷枕の留め具,不燃ごみ,,incombustible
,小形充電電池,排出禁止物等,一般社団法人JBRC（回収協力店が検索できます）,prohibit
,固形燃料（着火剤）,排出禁止物等,,prohibit
,ござ,可燃ごみまたは粗大ごみ,,combustible large
,こたつ・こたつ天板,粗大ごみ,,large
,こたつ布団,可燃ごみまたは粗大ごみ,,combustible large
,コップ（ガラス製・プラ製）,不燃ごみ,割れているものは紙で包み「危険」と書いて不燃ごみ指定袋へ,incombustible
,コップ型のびん（酒が入っていたもの）,資源物(びん・缶・ペットボトル)の【びん】,水ですすぐ,bottle
,コップ洗い（ブラシ）,可燃ごみ,,combustible
,琴,粗大ごみ,,large
,子供服,資源物(古紙・布類)の【布類】,,cloth
,子供用自転車,粗大ごみ,,large
,子供用遊具（ジム、滑り台等）,粗大ごみ,,large
,粉ふるい器,不燃ごみ,,incombustible
,粉ミルクの缶,資源物(びん・缶・ペットボトル)の【缶】,,can
,木の葉,可燃ごみ,,combustible
,小鉢,不燃ごみ,,incombustible
,碁盤（厚さ１５ｃｍ以下）,不燃ごみまたは粗大ごみ,木製で厚さが５ｃｍ以下であれば「可燃ごみ」へ,incombustible large
,碁盤（厚さ１５ｃｍ超）,排出禁止物等,,prohibit
,コピー機（家庭用）,粗大ごみ,,large
,コピー用紙,資源物(古紙・布類)の【古紙（新聞）】,少量の場合は新聞と一緒に出せます。コピー用紙のみまとまった量がある場合はコピー用紙だけでひもで十文字にしばって出して下さい。,paper
,コピー用紙の包装紙,資源物(古紙・布類)の【古紙（雑がみ）】,,paper
,駒（将棋の駒）（木製）,可燃ごみ,,combustible
,駒（将棋の駒）（木製以外）,不燃ごみ,,incombustible
,ごみ箱（硬いプラスチック製・金属製）,不燃ごみまたは粗大ごみ,,incombustible large
,ごみ箱（木製・柔らかいプラスチック製）,可燃ごみ,,combustible
,小麦粉、片栗粉の袋（紙製）,可燃ごみ,,combustible
,ゴムひも,可燃ごみ,,combustible
,ゴムホース,可燃ごみ,,combustible
,ゴムボート（底板付きのもの）,粗大ごみ,,large
,ゴムボート（浮輪的な遊戯具）,可燃ごみ,,combustible
,ゴムマット,可燃ごみまたは粗大ごみ,,combustible large
,ゴム手袋,可燃ごみ,,combustible
,ゴム製品,可燃ごみ,,combustible
,ゴム長靴,可燃ごみ,,combustible
,米ぬか,可燃ごみ,,combustible
,米の缶,資源物(びん・缶・ペットボトル)の【缶】,,can
,米びつ,粗大ごみ,,large
,米袋（紙製）,資源物(古紙・布類)の【古紙（段ボール）】,紙袋なので通常「雑がみ」ですが、紙製の米袋（茶色）の場合は素材がほぼ段ボールと同じため、例外として「段ボール」と一緒に束ねて出せます。,paper
,米袋（プラスチック製）,可燃ごみ,,combustible
,コルクボード,可燃ごみまたは粗大ごみ,,combustible large
,コルク栓,可燃ごみ,,combustible
,コルク抜き,不燃ごみ,,incombustible
,ゴルフクラブ,粗大ごみ,,large
,コンクリートブロック,排出禁止物等,,prohibit
,コンクリート製品,排出禁止物等,,prohibit
,コンセント,不燃ごみ,,incombustible
,コンタクトレンズ,可燃ごみ,,combustible
,コンタクトレンズ保存液の容器,可燃ごみ,,combustible
,コンタクトレンズ保存容器（ケース）,不燃ごみ,,incombustible
,コンテナボックス（プラ製）,粗大ごみ,,large
,コンパクト(化粧用),不燃ごみ,,incombustible
,コンパクトディスク (CD)プレーヤー,不燃ごみまたは粗大ごみ,,incombustible large
,コンパス（文房具）,不燃ごみ,,incombustible
,コンパネ（ベニヤ板）,可燃ごみまたは粗大ごみ,,combustible large
,コンビニ弁当・惣菜のはし・爪楊枝の袋（紙製）（汚れていないもの）,資源物(古紙・布類)の【古紙（雑がみ）】,汚れたものは「可燃ごみ」へ,paper
,コンビニ弁当や惣菜のしょうゆ・タレなどの容器・フタ,可燃ごみ,,combustible
,コンビニ弁当や惣菜のスプーン・フォーク・はし・爪楊枝のビニール袋,可燃ごみ,,combustible
,コンビニ弁当や惣菜のはし・爪楊枝（木製）,可燃ごみ,,combustible
,コンビニ弁当や惣菜の包装フィルム,可燃ごみ,,combustible
,コンビニ弁当や惣菜の容器（プラスチック製・紙製）,可燃ごみ,,combustible
,コンポ（音響機器）,不燃ごみまたは粗大ごみ,,incombustible large
,コンポスト（たい肥化容器）,粗大ごみ,,large
,コンロ（卓上コンロ、カセットコンロ）,不燃ごみまたは粗大ごみ,,incombustible large
さ,サーフボード,排出禁止物等,,prohibit
,座椅子,粗大ごみ,,large
,在宅医療用の注射針,市で収集しないもの,医療機関または回収拠点の薬局へ,other
,在宅医療用のビニールバッグ・チューブ・カテーテル類,可燃ごみ,,combustible
,サイドボード,粗大ごみ,,large
,財布,可燃ごみ,,combustible
,材木類（太さ１５ｃｍ・長さ１５０ｃｍ以下）,粗大ごみ,太さ１５ｃｍ・長さ１５０ｃｍ超の場合は、千葉市廃棄物リサイクル事業協同組合（電話043-204-5805）へご相談ください。,large
,サインペン,不燃ごみ,,incombustible
,サウナ（家庭用）,粗大ごみ,,large
,竿（物干し用・魚釣り用）,粗大ごみ,,large
,魚の焼き網,不燃ごみ,,incombustible
,作業着,可燃ごみ,,combustible
,作業用台車,粗大ごみ,,large
,酒（料理酒）の入っていたペットボトル,資源物(びん・缶・ペットボトル)の【ペットボトル】,水ですすぐ,petbottle
,酒カップ（ガラス製）,資源物(びん・缶・ペットボトル)の【びん】,水ですすぐ,bottle
,酒カップのフタ（金属）,資源物(びん・缶・ペットボトル)の【缶】,,can
,酒類の紙パック（内側にアルミ等のコーティングのあるもの）,可燃ごみ,,combustible
,酒類の紙パック（内側にアルミ等のコーティングのないもの）,資源物(古紙・布類)の【古紙（紙パック）】,（注ぎ口がプラスチック製のものは切り取ってから）水ですすいで乾かし、ひもで十文字に束ねる,paper
,酒類のびん（ガラス製）,資源物(びん・缶・ペットボトル)の【びん】,水ですすぐ,bottle
,酒類のびん（ガラス製以外）,不燃ごみ,,incombustible
,酒類のびんの栓（コルク製）,可燃ごみ,,combustible
,酒類のびんの栓（プラスチック製）,可燃ごみ,,combustible
,酒類のびんの栓（金属製）,資源物(びん・缶・ペットボトル)の【缶】,,can
,酒類のペットボトル,資源物(びん・缶・ペットボトル)の【ペットボトル】,,petbottle
,座卓,粗大ごみ,,large
,サッカーボール,可燃ごみ,なるべく空気を抜いてから捨ててください。,combustible
,雑誌（表紙にコーティングがあるもの）,可燃ごみ,取り外せれば取り外して表紙部分は「可燃ごみ」、残りは【古紙(雑誌)】として出せます。,combustible
,雑誌（表紙にコーティングがないもの）,資源物(古紙・布類)の【古紙（雑誌）】,端をちぎった時にフィルム状のものが見えたら、コーティングがあるものです。コーティングのあるものは「可燃ごみ」へ。,paper
,サッシ(雨戸・網戸),粗大ごみ,,large
,殺虫剤,排出禁止物等,,prohibit
,殺虫剤のびん,不燃ごみ,,incombustible
,殺虫剤のフタ,可燃ごみ,,combustible
,殺虫剤の包装フィルム,可燃ごみ,,combustible
,座布団,可燃ごみまたは粗大ごみ,,combustible large
,サマーベット,粗大ごみ,,large
,皿（紙製、木製）,可燃ごみ,,combustible
,皿（その他）,不燃ごみ,,incombustible
,サラダボール(木製),可燃ごみ,,combustible
,サラダボール(木製以外),不燃ごみ,,incombustible
,サラダ油,排出禁止物等,少量ずつボロ布などに含ませれば「可燃ごみ」で可,prohibit
,サラダ油のびん,資源物(びん・缶・ペットボトル)の【びん】,水ですすぐ,bottle
,サラダ油のプラスチック製ボトル,可燃ごみ,,combustible
,サラダ油の缶,資源物(びん・缶・ペットボトル)の【缶】,水ですすぐ,can
,ざる（金属製、プラスチック製など硬いもの）,不燃ごみ,,incombustible
,ざる（竹製、シリコン製など柔らかいもの）,可燃ごみ,,combustible
,三角コーナー,不燃ごみ,,incombustible
,三脚,不燃ごみまたは粗大ごみ,,incombustible large
,サングラス,不燃ごみ,,incombustible
,参考書,資源物(古紙・布類)の【古紙（雑誌）】,,paper
,サンダル,可燃ごみ,,combustible
,サンドバック,粗大ごみ,,large
,残飯,可燃ごみ,,combustible
,三輪車,粗大ごみ,,large
し,ＣＤ（ケースを含む）,不燃ごみ,,incombustible
,CDチェンジャー,不燃ごみまたは粗大ごみ,,incombustible large
,CDの包装フィルム,可燃ごみ,,combustible
,CDプレイヤー,不燃ごみまたは粗大ごみ,,incombustible large
,CDラジカセ,不燃ごみまたは粗大ごみ,,incombustible large
,CRTディスプレイ一体型パソコン,市で収集しないもの,家庭用パソコンリサイクルについて,other
,シーツ（ボックスシーツ、ゴムかけタイプ、ボア製、パイル製など）,可燃ごみ,,combustible
,シーツ（綿製品で１枚布のもの）,資源物(古紙・布類)の【布類】,,cloth
,シート（レジャーシートなど）,可燃ごみ,,combustible
,シートレコード,可燃ごみ,,combustible
,シール,可燃ごみ,,combustible
,シール台紙,可燃ごみ,,combustible
,ジーンズ,資源物(古紙・布類)の【布類】,,cloth
,シェーバー（ひげそり）,不燃ごみ,,incombustible
,ジェットヒーター,粗大ごみ,,large
,地下足袋,可燃ごみ,,combustible
,磁気カード,可燃ごみ,,combustible
,敷物,可燃ごみ,,combustible
,磁石,有害ごみ,,toxic
,辞書・辞典,資源物(古紙・布類)の【古紙（雑誌）】,,paper
,下着,可燃ごみ,,combustible
,下敷き,可燃ごみ,,combustible
,七輪,不燃ごみまたは粗大ごみ,,incombustible large
,湿気取りの容器（使い捨て）,可燃ごみ,,combustible
,湿度計,不燃ごみ,,incombustible
,シップ,可燃ごみ,,combustible
,シップの内袋,可燃ごみ,,combustible
,シップの外箱（紙製）,資源物(古紙・布類)の【古紙（雑がみ）】,,paper
,シップのフィルム,可燃ごみ,,combustible
,自転車,粗大ごみ,バッテリーは除く,large
,自転車(バイク、車)のカバー,可燃ごみ,,combustible
,自転車空気入れ,不燃ごみまたは粗大ごみ,,incombustible large
,自転車のタイヤ・チューブ（ゴム製）,可燃ごみ,,combustible
,自転車の輪（リム）・チェーン,粗大ごみ,,large
,自転車部品,不燃ごみまたは粗大ごみ,,incombustible large
,自動車,排出禁止物等,,prohibit
,自動車用オイル,排出禁止物等,少量ずつボロ布などに含ませれば「可燃ごみ」で可,prohibit
,芝刈り機,粗大ごみ,バッテリーは除く,large
,芝生,可燃ごみ,,combustible
,シャープペンシル,不燃ごみ,,incombustible
,シャープペンシルの芯,可燃ごみ,,combustible
,シャープペンシルの芯ケース（プラスチック製）,不燃ごみ,,incombustible
,蛇口,不燃ごみ,,incombustible
,写真,可燃ごみ,,combustible
,写真のネガ・フィルム,可燃ごみ,,combustible
,写真フィルムのケース,可燃ごみ,,combustible
,シャベル,不燃ごみまたは粗大ごみ,,incombustible large
,三味線,粗大ごみ,,large
,ジャムのびん（ガラス製）,資源物(びん・缶・ペットボトル)の【びん】,水ですすぐ,bottle
,ジャムのびん（プラスチック製）,不燃ごみ,,incombustible
,ジャムのびんのフタ(金属製),資源物(びん・缶・ペットボトル)の【缶】,水ですすぐ,can
,砂利,排出禁止物等,,prohibit
,車両用ルーフボックス,粗大ごみ,,large
,ジャングルジム（子供用遊具）,粗大ごみ,,large
,シャンデリア,不燃ごみまたは粗大ごみ,,incombustible large
,シャンプーの詰め替え用袋（プラスチック製）,可燃ごみ,,combustible
,シャンプーボトル,可燃ごみ,,combustible
,週刊誌,資源物(古紙・布類)の【古紙（雑誌）】,,paper
,ジューサー,不燃ごみまたは粗大ごみ,,incombustible large
,習字の紙（半紙）,可燃ごみ,,combustible
,ジュースのびん（ガラス製）,資源物(びん・缶・ペットボトル)の【びん】,水ですすぐ,bottle
,ジュースのペットボトル,資源物(びん・缶・ペットボトル)の【ペットボトル】,水ですすぐ,petbottle
,ジュースのペットボトルのフタ（プラスチック製）,区役所等の回収拠点へご協力ください。,回収拠点への持ち込みが難しい場合は「可燃ごみ」へ,other
,ジュースのペットボトルのラベル（プラスチック製）,可燃ごみ,（ペットボトル本体（資源物）からはがさずそのまま出せます。）,combustible
,ジュースの缶,資源物(びん・缶・ペットボトル)の【缶】,水ですすぐ,can
,ジュースの紙パック（内側にアルミ等のコーティングのあるものや５００ｍｌ未満のもの）,可燃ごみ,,combustible
,ジュースの紙パック（内側にアルミ等のコーティングのないもの）（５００ｍｌ以上）,資源物(古紙・布類)の【古紙（紙パック）】,水ですすいで乾かしてからひもで十文字に束ねる,paper
,じゅうたん,可燃ごみまたは粗大ごみ,,combustible large
,充電器（携帯電話用・PHS用）,店頭回収協力店へ,モバイル・リサイクルネットワーク（回収協力店が検索できます）,other
,充電器（その他）,不燃ごみ,,incombustible
,充電式電池（ニカド電池など）,排出禁止物等,一般社団法人JBRC（回収協力店が検索できます）,prohibit
,柔道着,可燃ごみ,,combustible
,収納ケース,粗大ごみ,,large
,収納庫,粗大ごみ,,large
,ジュラルミンケース,粗大ごみ,,large
,シュレッダー（手動・小型）,不燃ごみ,,incombustible
,シュレッダー（その他）,粗大ごみ,,large
,シュレッダーにかけた紙,可燃ごみ,,combustible
,瞬間湯沸し器（台所用）,粗大ごみ,,large
,消火器,排出禁止物等,（社）日本消火器工業会（消化器リサイクル推進センター）へご相談ください,prohibit
,消火剤（スプレー式）,有害ごみ,,toxic
,定規（プラスチック製）,不燃ごみまたは粗大ごみ,,incombustible large
,定規（木製・竹製）,可燃ごみ,,combustible
,将棋の駒（木製）,可燃ごみ,,combustible
,将棋の駒（木製以外）,不燃ごみ,,incombustible
,将棋盤（厚さ１５ｃｍ以下）,不燃ごみまたは粗大ごみ,木製で厚さが５ｃｍ以下であれば「可燃ごみ」へ,incombustible large
,将棋盤（厚さ１５ｃｍ超）,排出禁止物等,,prohibit
,障子,粗大ごみ,,large
,消臭剤,可燃ごみ,,combustible
,浄水器（カートリッジを含む）,不燃ごみ,,incombustible
,樟脳（防虫剤）,可燃ごみ,,combustible
,照明器具（シャンデリア・スタンド照明など）,不燃ごみまたは粗大ごみ,,incombustible large
,しょうゆのびん・しょうゆさし（ガラス製）,資源物(びん・缶・ペットボトル)の【びん】,水ですすぐ,bottle
,しょうゆのペットボトル,資源物(びん・缶・ペットボトル)の【ペットボトル】,水ですすぐ,petbottle
,しょうゆのペットボトルのフタ,可燃ごみ,,combustible
,じょうろ,不燃ごみ,,incombustible
,食品が入っていたびん（ガラス製）,資源物(びん・缶・ペットボトル)の【びん】,水ですすぐ,bottle
,食品が入っていたびん（ガラス製以外）,不燃ごみ,,incombustible
,食品トレイ,スーパー等の店頭回収へ,店頭回収実施店舗が近くにない場合「可燃ごみ」へ,other
,食用油,排出禁止物等,少量ずつボロ布などに含ませれば「可燃ごみ」で可,prohibit
,食用油の缶,資源物(びん・缶・ペットボトル)の【缶】,水ですすぐ,can
,食用油のびん（ガラス製）,資源物(びん・缶・ペットボトル)の【びん】,水ですすぐ,bottle
,食用油のプラスチックボトル,可燃ごみ,,combustible
,食用油のプラスチックボトルのフタ,可燃ごみ,,combustible
,食用油のプラスチックボトルのラベル,可燃ごみ,,combustible
,除湿剤（ゼリー状）,可燃ごみ,,combustible
,除湿剤（プラスチック製）,可燃ごみ,,combustible
,除湿剤の容器,可燃ごみ,,combustible
,除雪機械,粗大ごみ,バッテリーは除く,large
,除草剤容器,可燃ごみ,,combustible
,書棚,粗大ごみ,,large
,食器（洗い）乾燥機,粗大ごみ,,large
,食器（木製）,可燃ごみ,,combustible
,食器（木製以外）,不燃ごみ,,incombustible
,食器棚,粗大ごみ,,large
,ショッピングカート,粗大ごみ,,large
,ショベル,不燃ごみまたは粗大ごみ,,incombustible large
,シリカゲル(乾燥剤),可燃ごみ,,combustible
,シルバーカー,粗大ごみ,,large
,シルバーカート,粗大ごみ,,large
,人工芝,可燃ごみ,,combustible
,シンナー,排出禁止物等,,prohibit
,新聞紙,資源物(古紙・布類)の【古紙（新聞）】,,paper
す,酢（食酢・調味酢）の入っていたペットボトル,資源物(びん・缶・ペットボトル)の【ペットボトル】,水ですすぐ,petbottle
,吸い殻,可燃ごみ,,combustible
,水銀体温計,有害ごみ,,toxic
,水槽,不燃ごみまたは粗大ごみ,,incombustible large
,水中メガネ,不燃ごみ,,incombustible
,水筒（プラスチック製・金属製）,不燃ごみ,,incombustible
,炊飯器（一升炊き超）,粗大ごみ,,large
,炊飯器（一升炊きまで）,不燃ごみ,不燃ごみ指定袋（２０ℓ）をそれぞれひとつの品目に対して１枚ずつ縛りつけるか、テープなどで貼りつけて排出してください。,incombustible
,スーツ,資源物(古紙・布類)の【布類】,,cloth
,スーツケース（旅行用）,粗大ごみ,,large
,スーツロッカー（ナイロン製，布製のもの）,可燃ごみ,,combustible
,スカート,資源物(古紙・布類)の【布類】,,cloth
,スカーフ,可燃ごみ,,combustible
,姿見（鏡）,粗大ごみ,,large
,スキーウェア,可燃ごみ,,combustible
,スキーキャリア,粗大ごみ,,large
,スキーストック,粗大ごみ,,large
,スキーブーツ,不燃ごみまたは粗大ごみ,,incombustible large
,スキー板,排出禁止物等,,prohibit
,スキャナー,不燃ごみまたは粗大ごみ,,incombustible large
,スクーター,排出禁止物等,,prohibit
,スケートボード,排出禁止物等,,prohibit
,スケート靴,不燃ごみ,,incombustible
,スコップ,不燃ごみまたは粗大ごみ,,incombustible large
,寿司の桶（木製）,可燃ごみ,,combustible
,寿司の桶（木製以外）,不燃ごみまたは粗大ごみ,,incombustible large
,硯（すずり）（石製）,排出禁止物等,,prohibit
,硯（すずり）（瓦製）,不燃ごみ,,incombustible
,簾（すだれ）,可燃ごみまたは粗大ごみ,,combustible large
,スタンドミラー（小型）,不燃ごみ,,incombustible
,スタンドミラー（姿見など大型）,粗大ごみ,,large
,スタンプ台,不燃ごみ,,incombustible
,スチール缶（飲料・食品用）,資源物(びん・缶・ペットボトル)の【缶】,水ですすぐ,can
,スチール缶（車用・バイク用等のオイル缶）,不燃ごみ,,incombustible
,スチール棚,粗大ごみ,,large
,スティックのり容器,不燃ごみ,,incombustible
,ステップマシーン,粗大ごみ,,large
,ステレオ,粗大ごみ,,large
,ステレオセット,粗大ごみ,,large
,ステレオラック,粗大ごみ,,large
,ステンレス棚,粗大ごみ,,large
,ストーブ,粗大ごみ,,large
,ストーブガード,粗大ごみ,,large
,ストッキング,可燃ごみ,,combustible
,ストッキングの中台紙（紙製）,資源物(古紙・布類)の【古紙（雑がみ）】,,paper
,ストロー,可燃ごみ,,combustible
,砂,排出禁止物等,,prohibit
,スナック菓子などの袋,可燃ごみ,,combustible
,砂時計,不燃ごみ,,incombustible
,スニーカー,可燃ごみ,,combustible
,スノーダンプ,粗大ごみ,,large
,スノーブラシ,粗大ごみ,,large
,スノーヘルパー（プラ製）,粗大ごみ,,large
,スノーボード,排出禁止物等,,prohibit
,すのこ,粗大ごみ,,large
,スパイクシューズ（スパイクを取り外したもの）,可燃ごみ,スパイクを取り外せなければそのまま「可燃ごみ」へ,combustible
,スパイクシューズのスパイク,不燃ごみ,,incombustible
,スピーカー,不燃ごみまたは粗大ごみ,,incombustible large
,スプーン,不燃ごみ,,incombustible
,スプリング入りマットレス,排出禁止物等,,prohibit
,スプリング類,排出禁止物等,,prohibit
,スプレー缶（化粧品・殺虫剤等）,有害ごみ,,toxic
,スプレー缶のフタ,可燃ごみ,,combustible
,すべり台（子供用遊具）,粗大ごみ,,large
,スポンジ,可燃ごみ,,combustible
,スポンジ製品,可燃ごみ,,combustible
,ズボンプレッサー,粗大ごみ,,large
,炭,可燃ごみ,,combustible
,炭の灰,可燃ごみ,,combustible
,スライサー,不燃ごみ,,incombustible
,スラックス,資源物(古紙・布類)の【布類】,,cloth
,すりこぎ棒,可燃ごみ,,combustible
,スリッパ,可燃ごみ,,combustible
,スリッパラック（木製）,可燃ごみまたは粗大ごみ,,combustible large
,スリッパラック（木製以外）,不燃ごみまたは粗大ごみ,,incombustible large
,すり鉢,不燃ごみ,,incombustible
,スレート（波板）（プラスチック製）,不燃ごみ,,incombustible
,スレート（波板）（石製・コンクリート製）,排出禁止物等,,prohibit
せ,制汗剤（スプレー缶）,有害ごみ,,toxic
,制汗剤のフタ,可燃ごみ,,combustible
,制汗剤の包装フィルム,可燃ごみ,,combustible
,製図台（家庭用）,粗大ごみ,,large
,製図板,粗大ごみ,,large
,生鮮食品のトレイ（プラスチック製）,スーパー等の店頭回収へ,店頭回収実施店舗が近くにない場合「可燃ごみ」へ,other
,生鮮食品の包装フィルム,可燃ごみ,,combustible
,製氷皿,不燃ごみ,,incombustible
,制服,可燃ごみ,,combustible
,精米機（家庭用）,粗大ごみ,,large
,整理たんす,粗大ごみ,,large
,清涼飲料水のびん（ガラス製）,資源物(びん・缶・ペットボトル)の【びん】,水ですすぐ,bottle
,清涼飲料水のペットボトル,資源物(びん・缶・ペットボトル)の【ペットボトル】,水ですすぐ,petbottle
,清涼飲料水の缶,資源物(びん・缶・ペットボトル)の【缶】,水ですすぐ,can
,生理用品,可燃ごみ,,combustible
,生理用品の包装(外袋、個袋),可燃ごみ,,combustible
,セーター（既製品）,資源物(古紙・布類)の【布類】,,cloth
,セーター（手編み）,可燃ごみ,,combustible
,石油ファンヒーター,粗大ごみ,,large
,石油類（灯油、軽油等）,排出禁止物等,,prohibit
,石灰,可燃ごみ,,combustible
,石鹸,可燃ごみ,,combustible
,石鹸の個袋(紙製・プラスチック製),可燃ごみ,,combustible
,石鹸の外箱（紙製）,可燃ごみ,,combustible
,石膏,排出禁止物等,,prohibit
,石膏ボード,排出禁止物等,,prohibit
,接着剤,可燃ごみ,,combustible
,接着剤の紙箱,資源物(古紙・布類)の【古紙（雑がみ）】,,paper
,接着剤の容器（チューブ、ボトルなど）,可燃ごみ,,combustible
,説明書,資源物(古紙・布類)の【古紙（雑誌）】,,paper
,せともの・陶器,不燃ごみまたは粗大ごみ,,incombustible large
,背広,資源物(古紙・布類)の【布類】,,cloth
,セメント,排出禁止物等,,prohibit
,セラミックヒーター,不燃ごみまたは粗大ごみ,,incombustible large
,ゼリー・プリンのカップ,可燃ごみ,,combustible
,ゼリー・プリンの台紙,資源物(古紙・布類)の【古紙（雑がみ）】,,paper
,ゼリー・プリンのフタ,可燃ごみ,,combustible
,ゼリー・プリンの外包み,可燃ごみ,,combustible
,セロハンテープ,可燃ごみ,,combustible
,セロハンテープの外包装・個袋（プラスチック製）,可燃ごみ,,combustible
,セロハンテープの外箱,資源物(古紙・布類)の【古紙（雑がみ）】,,paper
,セロハンテープの金具（切る部分）,不燃ごみ,,incombustible
,セロハンテープの芯,可燃ごみ,,combustible
,セロハンテープ台,不燃ごみ,,incombustible
,セロハン紙,可燃ごみ,,combustible
,洗顔料のチューブ,可燃ごみ,,combustible
,線香,可燃ごみ,,combustible
,線香の箱,可燃ごみ,,combustible
,洗剤の計量スプーン,可燃ごみ,,combustible
,洗剤やせっけんの箱,可燃ごみ,,combustible
,洗剤容器（プラ製）,可燃ごみ,,combustible
,洗剤容器（紙製）,可燃ごみ,,combustible
,洗車ブラシ,不燃ごみ,,incombustible
,洗浄機能付便座,粗大ごみ,,large
,扇子,可燃ごみ,,combustible
,洗濯かご（金属製、硬いプラスチック製）,不燃ごみまたは粗大ごみ,,incombustible large
,洗濯かご（植物等の自然素材、シリコン製など柔らかいもの）,可燃ごみ,,combustible
,洗濯ネット,可燃ごみ,,combustible
,洗濯のりの容器,可燃ごみ,,combustible
,洗濯のりの容器のフタ,可燃ごみ,,combustible
,洗濯ばさみ,不燃ごみ,,incombustible
,洗濯用角ハンガー（洗濯ばさみが複数付属したもの）,不燃ごみ,不燃ごみ指定袋（２０ℓ）をそれぞれひとつの品目に対して１枚ずつ縛りつけるか、テープなどで貼りつけて排出してください。,incombustible
,洗濯用ハンガー（一着用）（木製）,可燃ごみ,,combustible
,洗濯用ハンガー（一着用）（木製以外）,不燃ごみ,,incombustible
,洗濯機,家電リサイクル対象,,recycle
,洗濯機棚,粗大ごみ,,large
,剪定くず,可燃ごみ,,combustible
,剪定枝（太さ１０ｃｍ、長さ５０ｃｍ以内）,可燃ごみ,ひもで束ねて、１回に出す量は片手で持てる大きさで3束程度。指定袋に入れなくて可。,combustible
,剪定枝（太さ１５ｃｍ、長さ１５０ｃｍ以内）,粗大ごみ,太さ１５ｃｍ・長さ１５０ｃｍ超の場合は、千葉市廃棄物リサイクル事業協同組合（電話043-204-5805）へご相談ください。,large
,剪定バサミ,不燃ごみまたは粗大ごみ,,incombustible large
,栓抜き,不燃ごみ,,incombustible
,扇風機,不燃ごみまたは粗大ごみ,,incombustible large
,せんべいの袋（プラ製）,可燃ごみ,,combustible
,洗面器（プラスチック製）,不燃ごみ,不燃ごみ指定袋（２０ℓ）をそれぞれひとつの品目に対して１枚ずつ縛りつけるか、テープなどで貼りつけて排出してください。,incombustible
,洗面器（木製）,可燃ごみ,,combustible
,洗面化粧台,粗大ごみ,,large
,洗面台,粗大ごみ,,large
そ,造花,可燃ごみ,,combustible
,双眼鏡,不燃ごみ,,incombustible
,ぞうきん,可燃ごみ,,combustible
,惣菜の容器（プラ製）,可燃ごみ,,combustible
,掃除機,粗大ごみ,,large
,掃除機の紙パック(ダスト),可燃ごみ,,combustible
,そうめんの空き箱（紙製）,資源物(古紙・布類)の【古紙（雑がみ）】,,paper
,そうめんの空き箱（木製）,可燃ごみ,,combustible
,ぞうり,可燃ごみ,,combustible
,ソースのびん（ガラス製）,資源物(びん・缶・ペットボトル)の【びん】,,bottle
,ソースの容器・フタ（プラスチック製）,可燃ごみ,,combustible
,即席めんの袋（プラ製）,可燃ごみ,,combustible
,側溝の汚泥,排出禁止物等,,prohibit
,側溝のフタ（コンクリート製）,排出禁止物等,,prohibit
,袖机,粗大ごみ,,large
,ソノシート（シートレコード）,可燃ごみ,,combustible
,ソファー（スプリングあり）,排出禁止物等,,prohibit
,ソファー（スプリングなし）,粗大ごみ,スプリングの有無は製造メーカーにお問い合わせいただくか、カッターなどで切り開いて確認してください。,large
,ソファーベッド（スプリングあり）,排出禁止物等,,prohibit
,ソファーベッド（スプリングなし）,粗大ごみ,スプリングの有無は製造メーカーにお問い合わせいただくか、カッターなどで切り開いて確認してください。,large
,そり,粗大ごみ,,large
,そろばん,可燃ごみ,,combustible
た,体温計(水銀入り),有害ごみ,,toxic
,体温計（デジタル式）,不燃ごみ,,incombustible
,体温計のケース,不燃ごみ,,incombustible
,耐火金庫,排出禁止物等,,prohibit
,台紙（紙製で商品の保護・固定用）（汚れていないもの）,資源物(古紙・布類)の【古紙（雑がみ）】,,paper
,体脂肪計,不燃ごみ,,incombustible
,台車,粗大ごみ,,large
,体重計,不燃ごみ,,incombustible
,台所ごみ,可燃ごみ,,combustible
,耐熱ガラス・耐熱コップ,不燃ごみ,,incombustible
,タイプライター,粗大ごみ,,large
,タイヤ,排出禁止物等,,prohibit
,タイヤチェーン（ゴム製・ウレタン製）,可燃ごみ,,combustible
,タイヤチェーン（硬いプラスチック製）,不燃ごみ,,incombustible
,タイヤチェーン（金属製）,有害ごみ,,toxic
,タイヤホイール,排出禁止物等,,prohibit
,タイル,不燃ごみ,,incombustible
,ダイレクトメール（郵便受けに投函されたり、一般に配布しているチラシ）,資源物(古紙・布類)の【古紙（雑がみ）】,,paper
,ダイレクトメール（郵便受けに投函される、はがして読むもの・圧着ハガキ）,可燃ごみ,,combustible
,タオル・タオルケット,資源物(古紙・布類)の【布類】,汚れたものは「可燃ごみ」へ,cloth
,高枝切りばさみ,粗大ごみ,,large
,抱き枕,可燃ごみ,,combustible
,卓上コンロ,不燃ごみ,,incombustible
,卓上時計,不燃ごみ,各区役所等での使用済み小型家電の拠点回収にご協力ください。,incombustible
,宅配業者の配達専用封筒（コーティングのあるもの）,可燃ごみ,端をちぎった時にフィルム状のものが見えたら、コーティングがあるものです。コーティングがない普通紙なら【古紙（雑がみ）】として出せます。,combustible
,宅配便などの複写伝票,可燃ごみ,,combustible
,宅配便を利用する際に使われた紙箱（厚紙製）,資源物(古紙・布類)の【古紙（雑がみ）】,,paper
,宅配便を利用する際に使われた緩衝材,可燃ごみ,,combustible
,竹,可燃ごみまたは粗大ごみ,,combustible large
,竹串,可燃ごみ,,combustible
,畳,粗大ごみ,,large
,脱衣かご（硬いプラスチック製など）,粗大ごみ,,large
,脱衣かご（籐などの植物素材のもの、柔らかいプラスチック製など）,可燃ごみ,,combustible
,卓球台,粗大ごみ,,large
,脱酸素剤（菓子などに入っているもの）,可燃ごみ,,combustible
,脱脂綿,可燃ごみ,,combustible
,脱臭剤,可燃ごみ,,combustible
,脱臭剤容器（プラスチック製）,可燃ごみ,,combustible
,タッパー・タッパーのフタ（プラスチック製）（手で曲がらないような硬いもの）,不燃ごみ,,incombustible
,タッパー・タッパーのフタ（プラスチック製）（手で曲がるような軟らかいもの）,可燃ごみ,,combustible
,楯・トロフィー,不燃ごみまたは粗大ごみ,,incombustible large
,建具（障子・網戸・扉など）,粗大ごみ,,large
,棚,粗大ごみ,,large
,タバコの外包装フィルム,可燃ごみ,,combustible
,タバコの吸殻・灰,可燃ごみ,,combustible
,タバコの空き箱,資源物(古紙・布類)の【古紙（雑がみ）】,,paper
,タバコの中銀紙,可燃ごみ,,combustible
,卵の殻,可燃ごみ,,combustible
,卵のパック,可燃ごみ,紙製のものでも素材として布が使用されているものがあるため「可燃ごみ」へ,combustible
,たらい,粗大ごみ,,large
,樽,可燃ごみまたは粗大ごみ,,combustible large
,たれ（焼肉のたれなどの食用）の容器（ガラス製）,資源物(びん・缶・ペットボトル)の【びん】,水ですすぐ,bottle
,たれ（焼肉のたれなどの食用）の容器（プラスチック製・紙製）,可燃ごみ,,combustible
,たわし（金属製）,不燃ごみ,,incombustible
,たわし,可燃ごみ,,combustible
,単行本,資源物(古紙・布類)の【古紙（雑誌）】,,paper
,単車（オートバイ）,排出禁止物等,,prohibit
,箪笥（タンス）,粗大ごみ,,large
,タンスシート,可燃ごみ,,combustible
,丹前（たんぜん）・どてら,可燃ごみ,,combustible
,段ボール,資源物(古紙・布類)の【古紙（段ボール）】,1枚でも必ずたたんでからひもで束ねる,paper
ち,チアパック（口栓付きパウチ容器）,可燃ごみ,,combustible
,チェーン（硬いプラスチック製）,不燃ごみ,,incombustible
,チェーン（ゴム製・ウレタン製など柔らかいもの）,可燃ごみ,,combustible
,チェーン（金属製）,有害ごみ,,toxic
,チェーンソー,粗大ごみ,バッテリーは除く,large
,チェスト,粗大ごみ,,large
,地球儀,不燃ごみまたは粗大ごみ,,incombustible large
,竹刀・木刀,粗大ごみ,,large
,チャイルドシート,粗大ごみ,,large
,茶がら,可燃ごみ,,combustible
,茶こし（金属製・プラスチック製）,不燃ごみ,,incombustible
,茶こし（シリコン製など柔らかいもの）,可燃ごみ,,combustible
,茶だんす,粗大ごみ,,large
,着火剤,排出禁止物等,,prohibit
,茶筒（金属製）,資源物(びん・缶・ペットボトル)の【缶】,,can
,茶筒（プラスチック製）,不燃ごみ,,incombustible
,茶筒の外箱（厚紙製）,資源物(古紙・布類)の【古紙（雑がみ）】,,paper
,茶筒の外箱（段ボール製）,資源物(古紙・布類)の【古紙（段ボール）】,表面に色が付いていても、断面を確認して茶色く波状の紙が挟まったものは段ボールです。,paper
,茶葉の缶（お茶、茶葉が入って販売されていたもの）,資源物(びん・缶・ペットボトル)の【缶】,,can
,茶葉の袋（茶葉が入って販売されていたもの）,可燃ごみ,,combustible
,ちゃぶ台,粗大ごみ,,large
,茶碗,不燃ごみ,,incombustible
,中華鍋,不燃ごみまたは粗大ごみ,,incombustible large
,注射器・注射針（在宅医療用）,医療機関または回収薬局へ,持込先のお問い合わせは(社)千葉市薬剤師会043-242-8193へ,other
,チューナー,不燃ごみまたは粗大ごみ,,incombustible large
,チューブ（自転車用）,可燃ごみ,,combustible
,チューブ容器(食料品や日用品等),可燃ごみ,,combustible
,彫刻刀,不燃ごみ,,incombustible
,ちょうつがい（蝶番）,不燃ごみ,,incombustible
,調味料の缶,資源物(びん・缶・ペットボトル)の【缶】,水ですすぐ,can
,調味料のびん（ガラス製）,資源物(びん・缶・ペットボトル)の【びん】,水ですすぐ,bottle
,調味料の容器（プラスチック製）,可燃ごみ,,combustible
,調理器具（金属製・硬いプラスチック製）,不燃ごみ,,incombustible
,調理器具（木製・シリコン製）,可燃ごみ,,combustible
,調理台,粗大ごみ,,large
,チョーク（白墨）,可燃ごみ,,combustible
,チラシ,資源物(古紙・布類)の【古紙（雑がみ）】,,paper
,ちりとり（プラスチック製・金属製）,不燃ごみまたは粗大ごみ,,incombustible large
,ちり紙,可燃ごみ,,combustible
つ,ついたて,粗大ごみ,,large
,つえ,粗大ごみ,,large
,使い捨てカイロ,可燃ごみ,,combustible
,使い捨てかみそり,不燃ごみ,,incombustible
,使い捨てカメラ,不燃ごみ,,incombustible
,使い捨てライター,有害ごみ,,toxic
,机,可燃ごみまたは粗大ごみ,,combustible large
,付け毛（ウィッグ）,可燃ごみ,,combustible
,漬物石,排出禁止物等,,prohibit
,漬物樽,不燃ごみまたは粗大ごみ,,incombustible large
,土,排出禁止物等,,prohibit
,つっぱり棒・つっぱり棚（プラスチック製）,不燃ごみまたは粗大ごみ,,incombustible large
,葛篭（つづら）,可燃ごみ,,combustible
,つなぎ（作業着）,可燃ごみ,,combustible
,壺（つぼ）,不燃ごみまたは粗大ごみ,,incombustible large
,積み木（玩具）（プラスチック製・金属製）,不燃ごみ,,incombustible
,積み木（玩具）（木製）,可燃ごみ,,combustible
,詰め替え製品の袋（調味料、洗剤などの詰め替え商品の入っていた袋）（紙製）,可燃ごみ,,combustible
,詰め替え製品の容器など（プラ製）,可燃ごみ,,combustible
,爪切り,不燃ごみ,,incombustible
,つゆ（油分のあるもの）の容器（ペットボトル製）,可燃ごみ,,combustible
,つゆ（麺つゆなどの食用・油分のないもの）の容器（ペットボトル製※）,資源物(びん・缶・ペットボトル)の【ペットボトル】,水ですすぐ　　※PETマークのあるもの,petbottle
,つゆ（麺つゆなどの食用）の容器（ガラス製）,資源物(びん・缶・ペットボトル)の【びん】,水ですすぐ,bottle
,つゆ（麺つゆなどの食用）の容器（紙製）,可燃ごみ,,combustible
,釣糸,可燃ごみ,,combustible
,釣竿（竹製）,可燃ごみまたは粗大ごみ,,combustible large
,釣竿（竹製以外）,不燃ごみまたは粗大ごみ,,incombustible large
,釣針,不燃ごみ,紙で包み「危険」と書くか、専用のケースに入れて不燃ごみ指定袋へ,incombustible
,釣り用鉛製品,不燃ごみ,,incombustible
,つるはし,粗大ごみ,,large
て,ＤＶＤ（ケースを含む）,不燃ごみ,,incombustible
,DVDの包装フィルム,可燃ごみ,,combustible
,DVDプレーヤー・ DVDレコーダー,不燃ごみまたは粗大ごみ,,incombustible large
,Tシャツ,資源物(古紙・布類)の【布類】,,cloth
,低周波治療器,不燃ごみまたは粗大ごみ,,incombustible large
,ディスプレイ（パソコン用）,市で収集しないもの,家庭用パソコンリサイクルについて,other
,ティッシュペーパー,可燃ごみ,,combustible
,ティッシュボックス(紙箱),資源物(古紙・布類)の【古紙（雑がみ）】,,paper
,ティッシュボックス(紙箱)取出口のフィルム,可燃ごみ,,combustible
,デイパック,可燃ごみ,,combustible
,テーブル,粗大ごみ,,large
,テーブルクロス,可燃ごみ,,combustible
,テーブルタップ（電気コード）,不燃ごみ,,incombustible
,テープレコーダー,不燃ごみまたは粗大ごみ,,incombustible large
,テープ類,可燃ごみ,,combustible
,手おけ（木製）,可燃ごみ,,combustible
,手おけ（木製以外）,不燃ごみ,,incombustible
,手押し車,粗大ごみ,,large
,手鏡,不燃ごみ,,incombustible
,手紙,資源物(古紙・布類)の【古紙（雑がみ）】,,paper
,テグス（釣り糸）,可燃ごみ,,combustible
,手提げ金庫,不燃ごみ,,incombustible
,手提げ袋(紙製)（コーティングのないもの）,資源物(古紙・布類)の【古紙（雑がみ）】,持ち手部分が紙以外の素材は取り除く。端をちぎった時にフィルム状のものが見えたら、コーティングがあるものです。コーティングのあるものは「可燃ごみ」へ。,paper
,デジタルカメラ,不燃ごみ,各区役所等での使用済み小型家電の拠点回収にご協力ください。,incombustible
,デスクトップパソコン本体,市で収集しないもの,家庭用パソコンリサイクルについて,other
,手帳,資源物(古紙・布類)の【古紙（雑誌）】,個人情報のあるものは「可燃ごみ」へ,paper
,手帳のカバー,可燃ごみ,,combustible
,テニスボール,可燃ごみ,,combustible
,テニスラケット（木製）,可燃ごみ,,combustible
,テニスラケット（木製以外）,粗大ごみ,,large
,テニスラケットのケース,可燃ごみ,,combustible
,手ぬぐい,可燃ごみ,,combustible
,手袋（革製・ゴム製・布製）,可燃ごみ,,combustible
,テレビ（ブラウン管・液晶・プラズマ式）,家電リサイクル対象,,recycle
,テレビアンテナ,不燃ごみまたは粗大ごみ,,incombustible large
,テレビゲーム,不燃ごみ,,incombustible
,テレビゲームのソフト,不燃ごみ,,incombustible
,テレビ台,粗大ごみ,,large
,テレホンカード,可燃ごみ,,combustible
,電化製品の空き箱(段ボール),資源物(古紙・布類)の【古紙（段ボール）】,,paper
,電化製品の緩衝材(発泡スチロール),可燃ごみ,,combustible
,電気あんか,不燃ごみ,,incombustible
,電気鉛筆削り,不燃ごみ,,incombustible
,電気カーペット,可燃ごみまたは粗大ごみ,電源プラグなど硬いプラスチック部分は取り外して不燃ごみへ。（取り外せなければそのまま「可燃ごみ」か「粗大ごみ」へ）,combustible large
,電気釜（炊飯器）（一升炊き超）,不燃ごみ,不燃ごみ指定袋（２０ℓ）をそれぞれひとつの品目に対して１枚ずつ縛りつけるか、テープなどで貼りつけて排出してください。,incombustible
,電気釜（炊飯器）（一升炊き以上）,粗大ごみ,,large
,電気カミソリ・電気ひげそり,不燃ごみ,各区役所等での使用済み小型家電の拠点回収にご協力ください。,incombustible
,電気器具（小型のもの）,不燃ごみ,,incombustible
,電気コード,不燃ごみ,,incombustible
,電気こたつ,粗大ごみ,,large
,電気コンロ,不燃ごみ,,incombustible
,電気スタンド,不燃ごみまたは粗大ごみ,,incombustible large
,電気製品等の説明書,資源物(古紙・布類)の【古紙（雑誌）】,,paper
,電気掃除機,不燃ごみまたは粗大ごみ,小型のもので不燃ごみの指定袋に入れば「不燃ごみ」,incombustible large
,電気バリカン,不燃ごみ,各区役所等での使用済み小型家電の拠点回収にご協力ください。,incombustible
,電気ポット,不燃ごみ,,incombustible
,電気毛布,可燃ごみまたは粗大ごみ,電源プラグなど硬いプラスチック部分は取り外して不燃ごみへ。（取り外せなければそのまま「可燃ごみ」か「粗大ごみ」へ）,combustible large
,電球,不燃ごみ,,incombustible
,電子ゲーム機（携帯ゲーム機）,不燃ごみ,,incombustible
,電子辞書,不燃ごみ,各区役所等での使用済み小型家電の拠点回収にご協力ください。,incombustible
,電子書籍端末（電子ブックリーダー）,不燃ごみ,各区役所等での使用済み小型家電の拠点回収にご協力ください。,incombustible
,電子体温計,不燃ごみ,各区役所等での使用済み小型家電の拠点回収にご協力ください。,incombustible
,電磁調理器（IH）,不燃ごみまたは粗大ごみ,,incombustible large
,電子手帳,不燃ごみ,,incombustible
,電子ピアノ・電子オルガン,排出禁止物等,,prohibit
,電子付属品（ACアダプター・コード類）,不燃ごみ,各区役所等での使用済み小型家電の拠点回収にご協力ください。,incombustible
,点字本,可燃ごみ,,combustible
,電子レンジ,粗大ごみ,,large
,電子レンジ台,粗大ごみ,,large
,天体望遠鏡,不燃ごみまたは粗大ごみ,,incombustible large
,電卓,不燃ごみ,各区役所等での使用済み小型家電の拠点回収にご協力ください。,incombustible
,電池（アルカリ乾電池、マンガン乾電池）,有害ごみ,,toxic
,電池（携帯電話・PHSの充電式電池）,店頭回収協力店へ,モバイル・リサイクルネットワーク（回収協力店が検索できます）,other
,電池（小形充電式）,店頭回収協力店へ,一般社団法人JBRC（回収協力店が検索できます）,other
,電池（ボタン型）,店頭回収協力店へ,（社）電池工業会　ボタン電池回収推進センター（回収協力店が検索できます）,other
,テント,可燃ごみまたは粗大ごみ,,combustible large
,電動カート,粗大ごみ,バッテリーは除く,large
,電動車いす,粗大ごみ,バッテリーは除く,large
,電動工具,不燃ごみまたは粗大ごみ,,incombustible large
,電動自転車,粗大ごみ,バッテリーは除く,large
,電動歯ブラシ,不燃ごみ,各区役所等での使用済み小型家電の拠点回収にご協力ください。,incombustible
,電動ベッド,粗大ごみ,バッテリーは除く,large
,てんぷらガード,不燃ごみまたは粗大ごみ,,incombustible large
,てんぷら油,排出禁止物等,少量ずつボロ布などに含ませれば「可燃ごみ」で可,prohibit
,電話機,不燃ごみ,,incombustible
,電話台,粗大ごみ,,large
,電話帳,資源物(古紙・布類)の【古紙（雑誌）】,,paper
と,ドア,粗大ごみ,,large
,砥石(といし),排出禁止物等,,prohibit
,トイレタンク,粗大ごみ,,large
,トイレットペーパー,可燃ごみ,,combustible
,トイレットペーパーの外包装,可燃ごみ,,combustible
,トイレットペーパーの芯,資源物(古紙・布類)の【古紙（雑がみ）】,,paper
,トイレブラシ,不燃ごみ,,incombustible
,トイレマット,可燃ごみ,,combustible
,籐（とう）家具,粗大ごみ,,large
,籐（とう）製品,可燃ごみまたは粗大ごみ,,combustible large
,陶器・せともの,不燃ごみまたは粗大ごみ,,incombustible large
,道具箱（木製）,可燃ごみ,,combustible
,道具箱（木製以外）,不燃ごみ,,incombustible
,動物の死体（野良猫など）,環境事業所へ申込,,other
,灯油,排出禁止物等,,prohibit
,灯油缶（一斗缶）,不燃ごみ,不燃ごみ指定袋（２０ℓ）をそれぞれひとつの品目に対して１枚ずつ縛りつけるか、テープなどで貼りつけて排出してください。,incombustible
,灯油ポリタンク（20ℓ以下）,不燃ごみ,不燃ごみ指定袋（２０ℓ）をそれぞれひとつの品目に対して１枚ずつ縛りつけるか、テープなどで貼りつけて排出してください。,incombustible
,灯油ポンプ（手動式）,可燃ごみ,,combustible
,灯油ポンプ（電動式）,不燃ごみ,,incombustible
,トースター,不燃ごみまたは粗大ごみ,,incombustible large
,土管・Ｕ字溝,排出禁止物等,,prohibit
,特殊薬品（劇薬等）の容器,排出禁止物等,,prohibit
,時計,不燃ごみまたは粗大ごみ,,incombustible large
,戸棚,粗大ごみ,,large
,トタン板,粗大ごみ,,large
,とっくり,不燃ごみ,,incombustible
,土鍋,不燃ごみ,,incombustible
,ドライバー（工具）,不燃ごみ,,incombustible
,ドライフラワー,可燃ごみ,,combustible
,ドライヤー,不燃ごみ,,incombustible
,ドラムセット,粗大ごみ,,large
,ドラム缶,粗大ごみ,,large
,トランプ,可燃ごみ,,combustible
,トランポリン,粗大ごみ,,large
,鳥かご,不燃ごみまたは粗大ごみ,,incombustible large
,ドリッパー（コーヒー用）,不燃ごみ,,incombustible
,塗料（中身）,排出禁止物等,,prohibit
,塗料缶・びん,不燃ごみ,,incombustible
,塗料スプレー空き缶,有害ごみ,,toxic
,塗料容器（プラスチック製）,不燃ごみ,,incombustible
,ドリル（電動・手動）・ドリルの刃,不燃ごみ,,incombustible
,トレー（木製）,可燃ごみ,,combustible
,トレー（木製以外）,不燃ごみ,,incombustible
,トレーナー,資源物(古紙・布類)の【布類】,,cloth
,トレーニング用ベンチ,粗大ごみ,,large
,ドレッサー,粗大ごみ,,large
,ドレッシングの容器（ガラス製）,資源物(びん・缶・ペットボトル)の【びん】,水ですすぐ,bottle
,ドレッシングの容器（プラスチック製）,可燃ごみ,,combustible
,泥,排出禁止物等,,prohibit
,トロフィー,不燃ごみまたは粗大ごみ,,incombustible large
,とんかち（金づち）,不燃ごみ,,incombustible
,どんぶり（陶器製）,不燃ごみ,,incombustible
な,ナイフ,不燃ごみ,紙で包み「危険」と書いて不燃ごみ指定袋へ(指定袋に入る場合),incombustible
,苗木のポット（柔らかいプラスチック製）,可燃ごみ,,combustible
,長靴,可燃ごみ,,combustible
,流し台,粗大ごみ,,large
,鉈（なた）,不燃ごみまたは粗大ごみ,,incombustible large
,夏がけ（タオルケット）,資源物(古紙・布類)の【布類】,,cloth
,納豆の包装フィルム,可燃ごみ,,combustible
,納豆の容器,可燃ごみ,,combustible
,鍋,不燃ごみ,,incombustible
,生ごみ・台所ごみ（調理くず）,可燃ごみ,,combustible
,生ごみ処理機,不燃ごみまたは粗大ごみ,,incombustible large
,波板（プラスチック製）,不燃ごみまたは粗大ごみ,,incombustible large
,波板（石製・コンクリート製）,排出禁止物等,,prohibit
に,ニカド電池、ニッケル水素電池,店頭回収協力店へ,一般社団法人JBRC（回収協力店が検索できます）,other
,ニス,排出禁止物等,,prohibit
,二段ベッド,粗大ごみ,,large
,日曜大工用具,不燃ごみまたは粗大ごみ,,incombustible large
,入浴剤の袋（プラスチック製）,可燃ごみ,,combustible
,入浴剤の容器,可燃ごみ,,combustible
,庭池,粗大ごみ,,large
,人形ケース（ガラス製）,不燃ごみまたは粗大ごみ,できるだけ分解し、ガラス部分は紙で包み「危険」と書いて不燃ごみ指定袋へ(指定袋に入る場合)。枠部分は木製なら「可燃ごみ」、プラスチック製なら「不燃ごみ」へ。,incombustible large
ぬ,ぬいぐるみ,可燃ごみ,,combustible
,縫い針,不燃ごみ,紙で包み「危険」と書くか、専用のケースに入れて不燃ごみ指定袋へ,incombustible
,ぬか（米糠）,可燃ごみ,,combustible
,布くず,可燃ごみ,,combustible
ね,ネガフィルム,可燃ごみ,,combustible
,ネクタイ,可燃ごみ,,combustible
,ネクタイピン,不燃ごみ,,incombustible
,猫の死体,環境事業所へ申込,,other
,猫のトイレ,粗大ごみ,,large
,猫のトイレシート・砂,可燃ごみ,,combustible
,ねじ,不燃ごみ,,incombustible
,熱さまし用シート,可燃ごみ,,combustible
,ネット（玉ねぎ・ミカン、水きり用など）,可燃ごみ,,combustible
,寝袋（シュラフ）,可燃ごみ,,combustible
,粘着カーペットクリーナー(シート紙),可燃ごみ,,combustible
,粘土,可燃ごみ,,combustible
の,農園芸用ビニール類,可燃ごみ,,combustible
,農機具,粗大ごみ,,large
,農薬,排出禁止物等,,prohibit
,農薬が入っていたびん,排出禁止物等,,prohibit
,ノート,資源物(古紙・布類)の【古紙（雑誌）】,,paper
,ノートパソコン,市で収集しないもの,家庭用パソコンリサイクルについて,other
,のこぎり,不燃ごみまたは粗大ごみ,紙で包み「危険」と書いて不燃ごみ指定袋へ(指定袋に入る場合),incombustible large
,ノミ（日曜大工道具）,不燃ごみ,紙で包み「危険」と書いて不燃ごみ指定袋へ,incombustible
,飲み薬の容器（プラ製）,不燃ごみ,,incombustible
,のりの個包装（プラスチック製・紙製）,可燃ごみ,,combustible
,のりの佃煮の空きびん（ガラス製）,資源物(びん・缶・ペットボトル)の【びん】,水ですすぐ,bottle
,のりの佃煮の空きびんのフタ(金属製),資源物(びん・缶・ペットボトル)の【缶】,,can
,のりの容器（缶）,資源物(びん・缶・ペットボトル)の【缶】,,can
は,葉（落ち葉）,可燃ごみ,,combustible
,パークゴルフのクラブ,粗大ごみ,,large
,バーベキューコンロ,粗大ごみ,,large
,バーベル（バー・おもり）,有害ごみ,,toxic
,ハーモニカ,不燃ごみ,,incombustible
,灰,可燃ごみ,,combustible
,バイク,排出禁止物等,,prohibit
,灰皿,不燃ごみ,,incombustible
,廃食油,排出禁止物等,少量ずつボロ布などに含ませれば「可燃ごみ」で可,prohibit
,排尿バッグ,可燃ごみ,,combustible
,パイプいす,粗大ごみ,,large
,パイプハンガー,粗大ごみ,,large
,パイプベッド,粗大ごみ,,large
,廃油(灯油・ガソリン・オイル類),排出禁止物等,,prohibit
,廃油処理パック,可燃ごみ,,combustible
,バインダー,可燃ごみ,,combustible
,ハエたたき,可燃ごみ,,combustible
,はがき（再生紙などの普通紙）,資源物(古紙・布類)の【古紙（雑がみ）】,個人情報のあるものは「可燃ごみ」へ,paper
,はがき（和紙）,可燃ごみ,,combustible
,はがき（郵便受けに投函される、はがして読むもの・圧着ハガキ）,可燃ごみ,,combustible
,はかり（ヘルスメーター）,不燃ごみ,,incombustible
,はかり（台所用）,不燃ごみ,,incombustible
,はきもの類,可燃ごみ,,combustible
,剥製,可燃ごみまたは粗大ごみ,,combustible large
,白熱等(電球),不燃ごみ,,incombustible
,ハケ,可燃ごみ,,combustible
,バケツ,不燃ごみ,,incombustible
,はさみ,不燃ごみ,,incombustible
,箸（はし）,可燃ごみ,,combustible
,はしご,粗大ごみ,,large
,はし袋（紙製以外）,可燃ごみ,,combustible
,はし袋（紙製で汚れていないもの）,資源物(古紙・布類)の【古紙（雑がみ）】,汚れたものは「可燃ごみ」へ,paper
,バスケットゴール,粗大ごみ,,large
,バスケットボール,可燃ごみ,なるべく空気を抜いてから「可燃ごみ」へ,combustible
,バスポンプ（本体）,不燃ごみ,,incombustible
,バスポンプのホース,可燃ごみ,,combustible
,バスマット,可燃ごみ,,combustible
,パソコン（本体、ディスプレイ、一体型、ノート型）,市で収集しないもの,家庭用パソコンリサイクルについて,other
,パソコンキーボード・マウス,不燃ごみ,本体等をメーカーへリサイクルに出す場合は購入時の標準添付品(マウス、キーボード、スピーカー、ケーブルなど)も一緒に出せます。,incombustible
,パソコンデスク,粗大ごみ,,large
,パソコンプリンター,不燃ごみまたは粗大ごみ,,incombustible large
,パソコンラック,粗大ごみ,,large
,パソコン周辺機器,不燃ごみ,,incombustible
,バター・マーガリンの容器フタ（プラスチック製）,可燃ごみ,,combustible
,バターの外箱(紙製),資源物(古紙・布類)の【古紙（雑がみ）】,,paper
,ハタキ,可燃ごみ,,combustible
,パチンコ台,粗大ごみ,,large
,発煙筒,排出禁止物等,,prohibit
,バッグ,可燃ごみ,,combustible
,バッテリー（自動車・バイク用）・発電機,排出禁止物等,,prohibit
,バット（野球用）,粗大ごみ,,large
,バット（料理用）,不燃ごみ,,incombustible
,発泡スチロール（緩衝材など）,可燃ごみ,,combustible
,発泡スチロール製容器,可燃ごみ,,combustible
,発泡トレイ（生鮮食品用）,スーパー等の店頭回収へ,店頭回収実施店舗が近くにない場合「可燃ごみ」へ,other
,バドミントンシャトル,可燃ごみ,,combustible
,バトミントンラケット（木製）,可燃ごみ,,combustible
,バトミントンラケット（木製以外）,不燃ごみまたは粗大ごみ,,incombustible large
,花,可燃ごみ,,combustible
,花がら(草),可燃ごみ,,combustible
,花台,粗大ごみ,,large
,花の包装フィルム（プラスチック製）,可燃ごみ,,combustible
,花火,排出禁止物等,十分に水に浸せば、可燃ごみとして排出可,prohibit
,花火の外包装（プラスチック製）,可燃ごみ,,combustible
,花火の中台紙,資源物(古紙・布類)の【古紙（雑がみ）】,,paper
,パネルヒーター,不燃ごみまたは粗大ごみ,,incombustible large
,パフ(化粧用),可燃ごみ,,combustible
,歯ブラシ,不燃ごみ,,incombustible
,ハブラシ(電動),不燃ごみ,,incombustible
,ハブラシの包装パック,可燃ごみ,,combustible
,歯磨き粉のチューブ容器,可燃ごみ,,combustible
,刃物類,不燃ごみ,紙で包み「危険」と書いて不燃ごみ指定袋へ(指定袋に入る場合),incombustible
,パラソル（ガーデンパラソル・ビーチパラソル）,粗大ごみ,,large
,パラボラアンテナ,不燃ごみまたは粗大ごみ,,incombustible large
,バラン（寿司・弁当などの中仕切り）,可燃ごみ,,combustible
,針（裁縫用など）,不燃ごみ,紙で包み「危険」と書くか、専用のケースに入れて不燃ごみ指定袋へ,incombustible
,針金,不燃ごみ,,incombustible
,針金ハンガー,不燃ごみ,,incombustible
,バリカン,不燃ごみ,,incombustible
,バリケード,粗大ごみ,,large
,バレーボール,可燃ごみ,なるべく空気を抜いてから「可燃ごみ」へ,combustible
,ハロゲンヒーター,粗大ごみ,,large
,ハンガー（木製以外）,不燃ごみ,,incombustible
,ハンガー（木製）,可燃ごみ,,combustible
,ハンガーの外袋,可燃ごみ,,combustible
,ハンガーラック,粗大ごみ,,large
,ハンカチ,可燃ごみ,,combustible
,飯ごう,不燃ごみ,,incombustible
,半紙,可燃ごみ,,combustible
,はんだ・はんだごて,不燃ごみ,,incombustible
,パンチ（穴あけ）,不燃ごみ,,incombustible
,ハンディミシン,不燃ごみ,,incombustible
,はんてん,可燃ごみ,,combustible
,ハンドドライヤー,不燃ごみ,,incombustible
,ハンドバッグ,可燃ごみ,,combustible
,ハンドミキサー,不燃ごみ,,incombustible
,ハンドル（自動車部品）,不燃ごみまたは粗大ごみ,,incombustible large
,バンパー（自動車部品）,排出禁止物等,,prohibit
,パンフレット,資源物(古紙・布類)の【古紙（雑誌）】,,paper
,ハンマー（木製）,可燃ごみ,,combustible
,ハンマー（金属製）,不燃ごみ,,incombustible
,パン焼き機,不燃ごみまたは粗大ごみ,,incombustible large
ひ,BSチューナー,不燃ごみまたは粗大ごみ,,incombustible large
,PHS,店頭回収協力店へ,モバイル・リサイクルネットワーク（回収協力店が検索できます）,other
,ピアニカ,不燃ごみ,,incombustible
,ピアノ,排出禁止物等,,prohibit
,ヒーター(セラミック),粗大ごみ,,large
,ビーチサンダル,可燃ごみ,,combustible
,ビーチパラソル,粗大ごみ,,large
,ピーラー（皮むき器）,不燃ごみ,,incombustible
,ビールびん,購入店へ返却または資源物(びん・缶・ペットボトル)の【びん】,水ですすぐ,bottle
,ビールびんのフタ,資源物(びん・缶・ペットボトル)の【缶】,,can
,ビール缶,資源物(びん・缶・ペットボトル)の【缶】,水ですすぐ,can
,引戸,粗大ごみ,,large
,ピクニックシート(レジャーシート),可燃ごみ,,combustible
,ひげそり（刃を含む）,不燃ごみ,,incombustible
,ピザの箱,可燃ごみ,,combustible
,引っ越しごみ（一時多量のごみ）,市で収集しないもの,一時多量ごみの処理について,other
,ビデオカメラ,不燃ごみ,各区役所等での使用済み小型家電の拠点回収にご協力ください。,incombustible
,ビデオテープ,可燃ごみ,,combustible
,ビデオテープのケース,可燃ごみ,,combustible
,ビデオデッキ,粗大ごみ,,large
,ひな段・五月人形の段,粗大ごみ,,large
,ひな人形・ひな人形の小道具,可燃ごみ,,combustible
,ビニールクロス,可燃ごみ,,combustible
,ビニールシート,可燃ごみ,,combustible
,ビニールテープ,可燃ごみ,,combustible
,ビニールひも,可燃ごみ,,combustible
,ビニールプール,可燃ごみ,,combustible
,ビニールホース,可燃ごみ,,combustible
,ビニール手袋,可燃ごみ,,combustible
,ビニール袋,可燃ごみ,,combustible
,火バサミ,不燃ごみ,,incombustible
,火鉢,粗大ごみ,,large
,百科事典,資源物(古紙・布類)の【古紙（雑誌）】,布張りやビニールコーティングされた表紙は取り外せれば取り外す。,paper
,百科事典の紙箱（ケース）,資源物(古紙・布類)の【古紙（雑がみ）】,事典とは別にし、たたんでひもで十文字にしばる。,paper
,肥料袋,可燃ごみ,,combustible
,びん（飲食用）（ガラス製）,資源物(びん・缶・ペットボトル)の【びん】,水ですすぐ,bottle
,びん（ガラス製以外）,不燃ごみ,,incombustible
,びん（飲食用）のフタ（金属製）,資源物(びん・缶・ペットボトル)の【缶】,,can
,びんのフタ（プラスチック製）,可燃ごみ,,combustible
,ピンポン（卓球）ラケット,可燃ごみ,,combustible
,ピンポン（卓球）玉,可燃ごみ,,combustible
ふ,ファイル（プラスチック製）,可燃ごみ,,combustible
,ファイル（紙製）（コーティングのないもの）,資源物(古紙・布類)の【古紙（雑がみ）】,端をちぎった時にフィルム状のものが見えたら、コーティングがあるものです。コーティングのあるものは「可燃ごみ」へ。,paper
,ファクシミリ（電話機一体型含む）,不燃ごみ,,incombustible
,ファクシミリ受信紙（感熱紙）,可燃ごみ,コインや爪などで強くこすると色が浮き出るものは感熱紙です。,combustible
,ファクシミリ受信紙（感熱紙以外の普通紙・OA紙・コピー用紙）,資源物(古紙・布類)の【古紙（雑がみ）】,,paper
,ファンヒーター,粗大ごみ,,large
,フィルム（写真用）,可燃ごみ,,combustible
,フィルムケース,可燃ごみ,,combustible
,ブースターケーブル（自動車用品）,不燃ごみ,,incombustible
,風船,可燃ごみ,,combustible
,封筒,資源物(古紙・布類)の【古紙（雑がみ）】,,paper
,フードプロセッサー,不燃ごみ,,incombustible
,プール(家庭用),可燃ごみまたは粗大ごみ,,combustible large
,笛（プラ製）,不燃ごみ,,incombustible
,フェンス,粗大ごみ,,large
,フォーク,不燃ごみ,,incombustible
,ふきん,可燃ごみ,,combustible
,袋（紙袋）,資源物(古紙・布類)の【古紙（雑がみ）】,持ち手部分が紙以外の素材は取り除く。端をちぎった時にフィルム状のものが見えたら、コーティングがあるものです。コーティングのあるものは「可燃ごみ」へ。,paper
,袋（レジ袋）,可燃ごみ,,combustible
,ふすま,粗大ごみ,,large
,付箋・ふせん（粘着メモ）,可燃ごみ,粘着部分をちぎるなど取り除けば「古紙（雑がみ）」として出せます。,combustible
,フタ（飲食用）（金属製）,資源物(びん・缶・ペットボトル)の【缶】,,can
,フタ（飲食用以外）（金属製）,不燃ごみ,,incombustible
,フタ（飲食用以外）（金属製以外）,可燃ごみ,,combustible
,フタ（飲料用ペットボトルのフタ）,区役所等の回収拠点へご協力ください。,回収拠点への持ち込みが難しい場合は「可燃ごみ」へ,other
,仏具（金属製）,不燃ごみ,,incombustible
,仏具（木製）,可燃ごみ,,combustible
,ブックエンド（プラスチック製・金属製）,不燃ごみ,,incombustible
,ブックエンド（木製）,可燃ごみ,,combustible
,ブックカバー（コーティングのある紙製、革製などその他）,可燃ごみ,,combustible
,ブックカバー（コーティングのない紙製）,資源物(古紙・布類)の【古紙（雑がみ）】,端をちぎった時にフィルム状のものが見えたら、コーティングがあるものです。コーティングのあるものは「可燃ごみ」へ。,paper
,仏壇,粗大ごみ,,large
,筆（柄の部分が木製）,可燃ごみ,,combustible
,筆（柄の部分が木製以外）,不燃ごみ,,incombustible
,筆箱（金属製・硬いプラスチック製）,不燃ごみ,,incombustible
,筆箱（布製・革製・柔らかいプラスチック製）,可燃ごみ,,combustible
,布団,粗大ごみ,,large
,布団カバー・布団パッド,可燃ごみ,,combustible
,布団乾燥機,不燃ごみまたは粗大ごみ,,incombustible large
,布団たたき（木製）,可燃ごみ,,combustible
,布団たたき（木製以外）,不燃ごみ,,incombustible
,布団干し,粗大ごみ,,large
,踏み台（木製）,可燃ごみまたは粗大ごみ,,combustible large
,踏み台（木製以外）,不燃ごみまたは粗大ごみ,,incombustible large
,フライパン,不燃ごみ,,incombustible
,ブラインド,粗大ごみ,,large
,フライ返し,不燃ごみ,,incombustible
,ブラウン管式のテレビ,家電リサイクル対象,,recycle
,プラグ,不燃ごみ,,incombustible
,プラスチック製の包装・フィルム,可燃ごみ,,combustible
,プラスチック製気泡緩衝材,可燃ごみ,,combustible
,プラスチック製収納箱,不燃ごみまたは粗大ごみ,,incombustible large
,プラスチック製密閉容器・フタ（硬いプラスチック製）,不燃ごみ,,incombustible
,プラスチック製密閉容器・フタ柔らかいプラスチック製）,可燃ごみ,,combustible
,プラズマテレビ,家電リサイクル対象,,recycle
,フラットファイル（プラスチック製）,可燃ごみ,,combustible
,フラットファイル（紙製）,資源物(古紙・布類)の【古紙（雑がみ）】,金属部分は取り外して不燃ごみへ,paper
,プラモデル,不燃ごみ,,incombustible
,プラモデルの外箱(紙製),資源物(古紙・布類)の【古紙（雑がみ）】,,paper
,プラモデルの箱の中仕切り(プラスチック製),可燃ごみ,,combustible
,プラモデル部品の型枠,不燃ごみ,,incombustible
,フラワースタンド・プランタースタンド（木製）,可燃ごみまたは粗大ごみ,,combustible large
,フラワースタンド・プランタースタンド（金属製、プラスチック製）,不燃ごみまたは粗大ごみ,,incombustible large
,ブランコ(家庭用),粗大ごみ,,large
,プランター,不燃ごみまたは粗大ごみ,,incombustible large
,プランターの土,排出禁止物等,,prohibit
,ぶら下がり健康器,粗大ごみ,,large
,ブリキ製品,粗大ごみ,,large
,プリンター,不燃ごみまたは粗大ごみ,,incombustible large
,プリンターのインクカートリッジ,店頭回収協力店へ,電器店等の店頭回収にご協力ください。お近くに回収協力店がない場合は「不燃ごみ」へ,other
,ブルーシート,可燃ごみ,,combustible
,古着,資源物(古紙・布類)の【布類】,,cloth
,古本（日焼けにより変色したもの）,可燃ごみ,,combustible
,古本（日焼けにより変色したものを除く）,資源物(古紙・布類)の【古紙（雑誌）】,,paper
,風呂いす・おけ（洗面器）（プラスチック製）,不燃ごみ,不燃ごみ指定袋（２０ℓ）をそれぞれひとつの品目に対して１枚ずつ縛りつけるか、テープなどで貼りつけて排出してください。,incombustible
,風呂いす・おけ（木製）,可燃ごみ,,combustible
,風呂窯,粗大ごみ,,large
,プロジェクションテレビ,粗大ごみ,,large
,プロジェクタ,不燃ごみまたは粗大ごみ,,incombustible large
,風呂敷（布製）,可燃ごみ,,combustible
,風呂敷（ビニール製）,可燃ごみ,,combustible
,ブロック（コンクリート製、レンガなど）,排出禁止物等,,prohibit
,フロッピーディスク（プラスチック製ケース含む）,不燃ごみ,,incombustible
,フロッピーディスクの紙製ケース,資源物(古紙・布類)の【古紙（雑がみ）】,,paper
,風呂のフタ,粗大ごみ,,large
,風呂のマット,可燃ごみ,,combustible
,プロパンガスボンベ,排出禁止物等,,prohibit
,ふん(ペットのふん),可燃ごみ,,combustible
,文庫本,資源物(古紙・布類)の【古紙（雑誌）】,,paper
,文鎮（ぶんちん）,不燃ごみ,,incombustible
,文房具（金属製・硬いプラスチック製）,不燃ごみ,,incombustible
,文房具（金属製・硬いプラスチック製以外）,可燃ごみ,,combustible
へ,ヘアアイロン（コテ）,不燃ごみ,各区役所等での使用済み小型家電の拠点回収にご協力ください。,incombustible
,ヘアースプレー(スプレー缶),有害ごみ,中身は使い切ってください。,toxic
,ヘアースプレーのフタ,可燃ごみ,,combustible
,ヘアースプレーの包装フィルム,可燃ごみ,,combustible
,ヘアドライヤー,不燃ごみ,各区役所等での使用済み小型家電の拠点回収にご協力ください。,incombustible
,ヘアーブラシ,不燃ごみ,,incombustible
,ヘアバンド（プラスチック製など硬いもの）,不燃ごみ,,incombustible
,ヘアバンド（布製など柔らかいもの）,可燃ごみ,,combustible
,ヘアピン,不燃ごみ,,incombustible
,ベッド(本体),粗大ごみ,,large
,ペットシート,可燃ごみ,,combustible
,ペットのトイレ用シート・砂,可燃ごみ,,combustible
,ベッドのマットレス（スプリングあり）,排出禁止物等,,prohibit
,ベッドのマットレス（スプリングなし）,粗大ごみ,スプリングの有無は製造メーカーにお問い合わせいただくか、カッターなどで切り開いて確認してください。,large
,ペットの運搬ケース（ケージ）,粗大ごみ,,large
,ペットの死体,環境事業所へ申込,,other
,ペットの小屋・かご・柵,粗大ごみ,,large
,ペットの糞,可燃ごみ,,combustible
,ベッドの枠,粗大ごみ,,large
,ベッドパッド・布団パッド,可燃ごみ,,combustible
,ペットフードの缶,資源物(びん・缶・ペットボトル)の【缶】,水ですすぐ,can
,ペットボトル（清涼飲料・乳飲料・酒類・しょうゆ類・めんつゆ・ノンオイルドレッシングなど油分が付着していないボトル）,資源物(びん・缶・ペットボトル)の【ペットボトル】,,petbottle
,ペットボトルのフタ,区役所等の回収拠点へご協力ください。,回収拠点への持ち込みが難しい場合は「可燃ごみ」へ,other
,ペットボトルのラベル,可燃ごみ,（ペットボトル本体（資源物）からはがさずそのまま出せます。）,combustible
,ヘッドホン・イヤホン,不燃ごみ,各区役所等での使用済み小型家電の拠点回収にご協力ください。,incombustible
,ヘッドホンステレオ,粗大ごみ,小型のもので不燃ごみの指定袋に入れば「不燃ごみ」,large
,ペット用トイレ,粗大ごみ,,large
,ベニヤ板,可燃ごみまたは粗大ごみ,,combustible large
,ベビーカー,粗大ごみ,,large
,ベビーガード・ベビーゲート,粗大ごみ,,large
,ベビースィングラック,粗大ごみ,,large
,ベビーチェアー,粗大ごみ,,large
,ベビーバス,粗大ごみ,,large
,ベビーベッド,粗大ごみ,,large
,ベビーラック,粗大ごみ,,large
,ベビー布団,可燃ごみ,,combustible
,ベビー服,資源物(古紙・布類)の【布類】,,cloth
,へら（金属製・硬いプラスチック製）,不燃ごみ,,incombustible
,へら（木製）,可燃ごみ,,combustible
,ヘルスメーター（体重計）,不燃ごみまたは粗大ごみ,,incombustible large
,ベルト,可燃ごみ,,combustible
,ヘルメット,排出禁止物等,,prohibit
,便器,粗大ごみ,,large
,ペンキ（中身）,排出禁止物等,,prohibit
,ペンキのスプレー缶,有害ごみ,中身は使い切ってください。,toxic
,ペンキのびん（ガラス製）,不燃ごみ,,incombustible
,ペンキのびんのフタ（金属製・プラスチック製）,可燃ごみ,,combustible
,ペンキの容器（金属製・プラスチック製）,不燃ごみ,,incombustible
,便座,粗大ごみ,,large
,便座カバー,可燃ごみ,,combustible
,ベンジン（中身）,排出禁止物等,,prohibit
,ベンチ,粗大ごみ,,large
,弁当（持ち帰り用など）のスプーン・フォーク（プラスチック製）,不燃ごみ,,incombustible
,弁当（持ち帰り用など）のスプーン・フォーク・はし・爪楊枝の袋（プラスチック製）,可燃ごみ,,combustible
,弁当の中仕切,可燃ごみ,,combustible
,弁当箱（金属製・硬いプラスチック製）,不燃ごみ,,incombustible
,弁当箱（竹製などの燃えるもの）,可燃ごみ,,combustible
,弁当容器(コンビニ等)の外包装フィルム,可燃ごみ,,combustible
,弁当容器（コンビニ等の弁当容器）,可燃ごみ,,combustible
ほ,ボアシーツ,可燃ごみ,,combustible
,ホイール（自動車部品）,排出禁止物等,,prohibit
,ホイールキャップ（自動車部品）,不燃ごみまたは粗大ごみ,,incombustible large
,ボイスレコーダー,不燃ごみ,,incombustible
,望遠鏡,不燃ごみ,,incombustible
,ほうき（柄がプラスチック製）,不燃ごみまたは粗大ごみ,,incombustible large
,ほうき（柄が木製）,可燃ごみまたは粗大ごみ,,combustible large
,芳香剤,可燃ごみ,,combustible
,芳香剤容器（プラスチック製）,不燃ごみ,,incombustible
,帽子,可燃ごみ,,combustible
,帽子掛け（スタンド型）,粗大ごみ,,large
,包装紙（紙製）,資源物(古紙・布類)の【古紙（雑がみ）】,,paper
,包装紙（プラスチック製）,可燃ごみ,,combustible
,包装フィルム,可燃ごみ,,combustible
,防虫剤,可燃ごみ,,combustible
,防虫剤のケース,不燃ごみ,,incombustible
,包丁,不燃ごみ,紙で包み「危険」と書いて不燃ごみ指定袋へ(指定袋に入る場合),incombustible
,防腐剤,可燃ごみ,,combustible
,ボウリングのピン,不燃ごみ,,incombustible
,ボウリングのボール,排出禁止物等,,prohibit
,ボウル（台所用品）,不燃ごみ,,incombustible
,ほうろう鍋,不燃ごみ,,incombustible
,ホース,可燃ごみ,,combustible
,ホースリール台,不燃ごみまたは粗大ごみ,,incombustible large
,ポータブルトイレ,粗大ごみ,,large
,ポータブルプレイヤー（MD，CD）,不燃ごみ,,incombustible
,ボート(ゴムボート),可燃ごみまたは粗大ごみ,,combustible large
,ホームベーカリー,粗大ごみ,,large
,ボール（球技用）,可燃ごみ,空気を抜けるものはできるだけ抜いてから「可燃ごみ」へ,combustible
,ボールペン,不燃ごみ,,incombustible
,ボールペンの芯,可燃ごみ,,combustible
,ボール紙,資源物(古紙・布類)の【古紙（雑がみ）】,,paper
,ホーロー製品,不燃ごみ,,incombustible
,保温材・保冷剤,可燃ごみ,,combustible
,墨汁容器,可燃ごみ,,combustible
,木刀,可燃ごみまたは粗大ごみ,,combustible large
,ポケットティッシュ,可燃ごみ,,combustible
,ポケットティッシュの台紙,資源物(古紙・布類)の【古紙（雑がみ）】,,paper
,ポケットティッシュの外袋フィルム,可燃ごみ,,combustible
,歩行器,粗大ごみ,,large
,ポスター,資源物(古紙・布類)の【古紙（雑がみ）】,,paper
,ポスター（屋外用など防水加工されているもの）,可燃ごみ,,combustible
,ポスト,不燃ごみ,,incombustible
,ボストンバッグ,可燃ごみ,,combustible
,ボタン,不燃ごみ,,incombustible
,ボタン型電池,排出禁止物等,（社）電池工業会　ボタン電池回収推進センター（回収協力店が検索できます）,prohibit
,ホチキス(ステープラー),不燃ごみ,,incombustible
,ホチキス(ステープラー)の針,不燃ごみ,,incombustible
,ホチキス(ステープラー)の針の空き箱,資源物(古紙・布類)の【古紙（雑がみ）】,,paper
,補聴器,不燃ごみ,各区役所等での使用済み小型家電の拠点回収にご協力ください。,incombustible
,ボックスシーツ・ベッドパッド,可燃ごみ,,combustible
,ポット,不燃ごみ,,incombustible
,ホットカーペット,可燃ごみまたは粗大ごみ,電源プラグなど硬いプラスチック部分は取り外して不燃ごみへ。（取り外せなければそのまま「可燃ごみ」か「粗大ごみ」へ）,combustible large
,ホットカーペット・ウッドカーペット,可燃ごみまたは粗大ごみ,,combustible large
,ホットカーラー,不燃ごみ,,incombustible
,ホットプレート,粗大ごみ,,large
,ボディブラシ,可燃ごみ,,combustible
,ポテトチップスの袋,可燃ごみ,,combustible
,ポテトチップス等の紙缶,可燃ごみ,,combustible
,ポラロイドカメラ,不燃ごみ,,incombustible
,ポラロイドフィルム,可燃ごみ,,combustible
,ポラロイド写真,可燃ごみ,,combustible
,ポリタンク（２０リットル以下）,不燃ごみ,不燃ごみ指定袋（２０ℓ）をそれぞれひとつの品目に対して１枚ずつ縛りつけるか、テープなどで貼りつけて排出してください。,incombustible
,ポリバケツ,不燃ごみ,,incombustible
,ポリ袋,可燃ごみ,,combustible
,ボルト・ナット,不燃ごみ,,incombustible
,ホワイトボード,粗大ごみ,,large
,本,資源物(古紙・布類)の【古紙（雑誌）】,,paper
,盆（木製）,可燃ごみ,,combustible
,盆（木製以外）,不燃ごみ,,incombustible
,本立て（木製）,可燃ごみ,,combustible
,本立て（木製以外）,不燃ごみ,,incombustible
,本棚(本箱),粗大ごみ,,large
,ポンプ（手動）（ポリタンク用）,可燃ごみ,,combustible
,ポンプ（電動）（井戸用）,粗大ごみ,,large
,ポンプ（風呂の残り湯を洗濯水として使ったりする時のもの）のホース,可燃ごみ,,combustible
,ポンプ（風呂の残り湯を洗濯水として使ったりする時のもの）本体,不燃ごみ,,incombustible
,ほ乳瓶,不燃ごみ,,incombustible
ま,マーカーペン,不燃ごみ,,incombustible
,マーガリンの外箱（紙製）,資源物(古紙・布類)の【古紙（雑がみ）】,,paper
,マーガリンの容器,可燃ごみ,,combustible
,麻雀マット,可燃ごみ,,combustible
,マイク,不燃ごみ,,incombustible
,マウス（パソコン用）,不燃ごみ,パソコン本体等をメーカーへリサイクルに出す場合は購入時の標準添付品(マウス、キーボード、スピーカー、ケーブルなど)も一緒に出せます。,incombustible
,マウスパッド,可燃ごみ,,combustible
,マガジンラック,粗大ごみ,,large
,巻尺,不燃ごみ,,incombustible
,マグネット（硬いもの）,有害ごみ,,toxic
,マグネット（柔らかいもの）,可燃ごみ,,combustible
,マスカラ,不燃ごみ,,incombustible
,マスク,可燃ごみ,,combustible
,マタニティウェア,資源物(古紙・布類)の【布類】,,cloth
,マッサージチェア,粗大ごみ,,large
,マッサージ器,不燃ごみまたは粗大ごみ,,incombustible large
,マッサージ機,粗大ごみ,,large
,マッチ（使用済）,可燃ごみ,,combustible
,マッチ（未使用）,排出禁止物等,,prohibit
,マッチの箱,可燃ごみ,,combustible
,マットレス（折りたたみを含む）（スプリングあり）,排出禁止物等,,prohibit
,マットレス（折りたたみを含む）（スプリングなし）,粗大ごみ,スプリングの有無は製造メーカーにお問い合わせいただくか、カッターなどで切り開いて確認してください。,large
,マット類,可燃ごみまたは粗大ごみ,,combustible large
,松葉杖,粗大ごみ,,large
,窓ガラス,不燃ごみまたは粗大ごみ,紙で包み「危険」と書いて不燃ごみ指定袋へ(指定袋に入る場合),incombustible large
,窓付き封筒（窓のフィルムは切り取る）,資源物(古紙・布類)の【古紙（雑がみ）】,窓はそのままリサイクル可能と表記があればそのままで可,paper
,窓付き封筒の窓（フィルム）,可燃ごみ,,combustible
,まな板（その他）,不燃ごみ,,incombustible
,まな板（木製、柔らかいプラスチック製）,可燃ごみ,,combustible
,マニキュアのびん,不燃ごみ,,incombustible
,マフラー(自動車・バイク部品),粗大ごみ,,large
,マフラー(衣類),可燃ごみ,,combustible
,魔法瓶（ジャー、ポット）,不燃ごみ,,incombustible
,豆電球,不燃ごみ,,incombustible
,マヨネーズのチューブ（フタを含む）,可燃ごみ,,combustible
,マヨネーズの外袋,可燃ごみ,,combustible
,マラカス（木製）,可燃ごみ,,combustible
,マラカス（木製以外）,不燃ごみ,,incombustible
,丸太・枕木（太さ１５ｃｍ、長さ１５０ｃｍ以内）,粗大ごみ,太さや長さがこれを超える場合は、千葉市廃棄物リサイクル事業協同組合（電話043-204-5805）へご相談ください。,large
,万年筆,不燃ごみ,,incombustible
,万歩計,不燃ごみ,,incombustible
み,ミキサー,不燃ごみ,,incombustible
,ミシン,不燃ごみまたは粗大ごみ,,incombustible large
,ミシン台,粗大ごみ,,large
,水着,可燃ごみ,,combustible
,水切りかご（硬いプラスチック製・金属製）,不燃ごみ,,incombustible
,水切りかご（その他）,可燃ごみ,,combustible
,水切りネット,可燃ごみ,,combustible
,ミスト（霧吹き）の容器（金属製）,不燃ごみ,,incombustible
,ミスト（霧吹き）の容器（金属製以外）,可燃ごみ,,combustible
,水枕,可燃ごみ,,combustible
,水枕の留め具（金属製）,不燃ごみ,,incombustible
,みその袋（プラスチック製）,可燃ごみ,,combustible
,みその容器,可燃ごみ,,combustible
,ミニカー,不燃ごみ,,incombustible
,ミニコンポ,不燃ごみまたは粗大ごみ,,incombustible large
,ミニディスク(MD)レコーダー,不燃ごみまたは粗大ごみ,,incombustible large
,ミニバイク・オートバイ,排出禁止物等,,prohibit
,みりんの容器（ガラス製）,資源物(びん・缶・ペットボトル)の【びん】,水ですすぐ,bottle
,みりんの容器（ペットボトル製）,資源物(びん・缶・ペットボトル)の【ペットボトル】,水ですすぐ,petbottle
,ミル,不燃ごみ,,incombustible
,ミルクの缶,資源物(びん・缶・ペットボトル)の【缶】,水ですすぐ,can
む,麦わら帽子,可燃ごみ,,combustible
,虫かご,不燃ごみ,,incombustible
,蒸し器（金属製）,不燃ごみ,,incombustible
,蒸し器（シリコン製）,可燃ごみ,,combustible
,虫ピン,不燃ごみ,,incombustible
,虫めがね,不燃ごみ,,incombustible
,むしろ,可燃ごみ,,combustible
,無線機,不燃ごみ,,incombustible
め,名刺,可燃ごみ,,combustible
,名刺入れ(金属製、硬いプラスチック製),不燃ごみ,,incombustible
,名刺入れ（皮革製、布製),可燃ごみ,,combustible
,名刺の外箱（紙製）,資源物(古紙・布類)の【古紙（雑がみ）】,,paper
,名刺の外箱（プラスチック製）,不燃ごみ,,incombustible
,めがね（眼鏡）,不燃ごみ,,incombustible
,眼鏡ケース,不燃ごみ,,incombustible
,目薬の携帯ケース,可燃ごみ,,combustible
,目薬の外箱（紙製）,資源物(古紙・布類)の【古紙（雑がみ）】,,paper
,目薬の容器,可燃ごみ,,combustible
,目覚まし時計,不燃ごみ,,incombustible
,メジャー,不燃ごみ,,incombustible
,メモ用紙,資源物(古紙・布類)の【古紙（雑がみ）】,,paper
,綿,可燃ごみ,,combustible
,面（剣道・フェンシング）,粗大ごみ,,large
,麺棒（製麺用）（木製）,可燃ごみまたは粗大ごみ,,combustible large
,麺棒（製麺用）（木製以外）,不燃ごみまたは粗大ごみ,,incombustible large
,綿棒（衛生用品）,可燃ごみ,,combustible
,綿棒（衛生用品）の容器,可燃ごみ,,combustible
も,毛布,資源物(古紙・布類)の【布類】,,cloth
,モーター類（おもちゃ用）,不燃ごみ,,incombustible
,木材（１５ｃｍ、１５０ｃｍ以内）,粗大ごみ,太さや長さがこれを超える場合は、千葉市廃棄物リサイクル事業協同組合（電話043-204-5805）へご相談ください。,large
,木炭,可燃ごみ,,combustible
,木馬（子供用遊具）,粗大ごみ,,large
,餅つき機,粗大ごみ,,large
,モップ,粗大ごみ,プラスチック製の小型のもので不燃ごみの指定袋からはみ出さなければ「不燃ごみ」、同様に、柄が木製で指定袋に入れば「可燃ごみ」,large
,物置,粗大ごみ,,large
,ものさし（プラスチック製）,不燃ごみまたは粗大ごみ,,incombustible large
,ものさし（木製・竹製）,可燃ごみ,,combustible
,物干し（室内用）,粗大ごみ,,large
,物干し竿,粗大ごみ,,large
,物干し台（土台・おもり付き）,排出禁止物等,,prohibit
,物干し台（土台とおもりなし）,粗大ごみ,,large
,物干し台の土台・おもり,排出禁止物等,,prohibit
,門扉,粗大ごみ,,large
や,やかん,不燃ごみ,,incombustible
,焼き鳥の串,可燃ごみ,,combustible
,野球ボール,可燃ごみ,,combustible
,薬品（家庭医薬品）,可燃ごみ,,combustible
,薬品（家庭医薬品）の容器,不燃ごみ,,incombustible
,薬品（有毒性のあるもの・農薬）,排出禁止物等,,prohibit
,薬品（有毒性のあるもの・農薬）の容器,排出禁止物等,,prohibit
,野菜などの網・トレイ・ネット・袋,可燃ごみ,,combustible
,ヤスリ,可燃ごみ,,combustible
ゆ,遊具（子ども用）,粗大ごみ,,large
,融雪機,粗大ごみ,バッテリーは除く,large
,浴衣,資源物(古紙・布類)の【布類】,※帯などの小物類は「可燃ごみ」へ,cloth
,床暖房パネル,粗大ごみ,,large
,雪かき道具,粗大ごみ,,large
,湯たんぽ（金属製・硬いプラスチック製）,不燃ごみ,,incombustible
,湯たんぽ（シリコン製・ゴム製）,可燃ごみ,,combustible
,湯のみ茶碗,不燃ごみ,,incombustible
,ゆりかご,粗大ごみ,,large
,湯沸し器,粗大ごみ,,large
よ,洋服,資源物(古紙・布類)の【布類】,,cloth
,洋服掛け、コート掛け,粗大ごみ,,large
,洋服ダンス,粗大ごみ,,large
,洋服ブラシ（木製）,可燃ごみ,,combustible
,洋服ブラシ（木製以外）,不燃ごみ,,incombustible
,ヨーグルトのフタ,可燃ごみ,,combustible
,ヨーグルトの台紙,資源物(古紙・布類)の【古紙（雑がみ）】,,paper
,ヨーグルトの容器（紙製・プラスチック製）,可燃ごみ,,combustible
,ヨーグルトの容器の外フィルム,可燃ごみ,,combustible
,浴槽,排出禁止物等,,prohibit
,よしず,可燃ごみまたは粗大ごみ,,combustible large
ら,ラーメンの袋・スープの袋,可燃ごみ,,combustible
,ライター（ガスライター）,有害ごみ,使い切ってから出して下さい。,toxic
,ライター（オイルライター）,不燃ごみ,使い切ってから出して下さい。,incombustible
,ラケット（木製）,可燃ごみ,,combustible
,ラケット（木製以外）,不燃ごみまたは粗大ごみ,,incombustible large
,ラジオ,不燃ごみ,,incombustible
,ラジカセ,不燃ごみ,,incombustible
,ラジコン,不燃ごみ,,incombustible
,ラック（木製）,可燃ごみまたは粗大ごみ,,combustible large
,ラック（木製以外）,不燃ごみまたは粗大ごみ,,incombustible large
,ラッピングフィルム（包装用）,可燃ごみ,,combustible
,ラップ,可燃ごみ,,combustible
,ラップの外箱,資源物(古紙・布類)の【古紙（雑がみ）】,,paper
,ラップの芯,可燃ごみ,,combustible
,ラップの刃(紙製),資源物(古紙・布類)の【古紙（雑がみ）】,,paper
,ラップの刃(金属製・プラスチック製),不燃ごみ,,incombustible
,ラップの箱,資源物(古紙・布類)の【古紙（雑がみ）】,,paper
,ラミネートチューブ,可燃ごみ,,combustible
,ランタン,不燃ごみ,,incombustible
,ランドセル,可燃ごみ,,combustible
,ランドリーボックス（金属製、硬いプラスチック製）,不燃ごみまたは粗大ごみ,,incombustible large
,ランドリーボックス（植物等の自然素材、シリコン製など柔らかいもの）,可燃ごみ,,combustible
り,リール（釣り具）,不燃ごみ,,incombustible
,リクライニングチェア,粗大ごみ,,large
,リコーダー,不燃ごみ,,incombustible
,リチウムイオン電池（充電式）,店頭回収協力店へ,一般社団法人JBRC（回収協力店が検索できます）,other
,リチウム電池（使い切りタイプ）,有害ごみ,,toxic
,リップクリームの容器（硬いプラスチック製）,不燃ごみ,,incombustible
,リップクリームの容器（柔らかいプラスチック製）,可燃ごみ,,combustible
,リビングボード,粗大ごみ,,large
,リモコン,不燃ごみ,,incombustible
,リヤカー,粗大ごみ,,large
,リュックサック,可燃ごみ,,combustible
,リンスの詰め替え用袋（プラスチック製）,可燃ごみ,,combustible
,リンスの容器（プラスチック製）,可燃ごみ,,combustible
る,ルーペ,不燃ごみ,,incombustible
,ルームランナー,粗大ごみ,,large
れ,冷却枕,可燃ごみ,,combustible
,冷水器,粗大ごみ,,large
,冷蔵庫,家電リサイクル対象,,recycle
,冷凍庫,家電リサイクル対象,,recycle
,冷凍食品の仕切りトレイ（プラスチック製）,可燃ごみ,,combustible
,冷凍食品の袋,可燃ごみ,,combustible
,冷風機（冷風扇）,粗大ごみ,小型のもので不燃ごみの指定袋に入れば「不燃ごみ」,large
,レインコート・レインウェア,可燃ごみ,,combustible
,レインブーツ,可燃ごみ,,combustible
,レーザーディスク,不燃ごみ,,incombustible
,レーザーディスクのケース（柔らかいプラスチック製）,可燃ごみ,,combustible
,レーザーディスクのケース（紙製）,資源物(古紙・布類)の【古紙（雑がみ）】,,paper
,レーザーディスクプレーヤー（LDプレーヤー）,粗大ごみ,,large
,レーザープリンタ,粗大ごみ,,large
,レースカーテン,可燃ごみ,,combustible
,レコード（割れるような硬いもの）,不燃ごみ,,incombustible
,レコード（薄いシート状などの柔らかいもの）,可燃ごみ,,combustible
,レコードジャケット(紙製ケース),資源物(古紙・布類)の【古紙（雑がみ）】,,paper
,レコードプレイヤー,不燃ごみまたは粗大ごみ,,incombustible large
,レシート,可燃ごみ,,combustible
,レジャーシート,可燃ごみ,,combustible
,レジャーシートの外包装（ビニール製）,可燃ごみ,,combustible
,レジャーテーブル,粗大ごみ,,large
,レジャーボート（ゴムボート）（底板付きのもの）,粗大ごみ,,large
,レジャーボート（ゴムボート）（浮輪状の遊戯具）,可燃ごみ,,combustible
,レジ袋,可燃ごみ,※レジ袋のまま可燃ごみ・不燃ごみ等を出すことはできません。,combustible
,レトルト食品の外箱（紙製）,資源物(古紙・布類)の【古紙（雑がみ）】,,paper
,レトルト食品のパック,可燃ごみ,,combustible
,レンガ,排出禁止物等,,prohibit
,レンジ,粗大ごみ,,large
,レンジフード(換気扇),粗大ごみ,,large
,レンジフード(換気扇)のフィルター,可燃ごみ,,combustible
,レンジ台,粗大ごみ,,large
,レンズ,不燃ごみ,,incombustible
,練炭,可燃ごみ,,combustible
ろ,老眼鏡,不燃ごみ,,incombustible
,老人用手押し車,粗大ごみ,,large
,ろうそく,可燃ごみ,,combustible
,ろう紙（紙コップ・紙皿など）,可燃ごみ,,combustible
,ロースター,不燃ごみまたは粗大ごみ,,incombustible large
,ロードコーン（カラーコーン・三角コーン）,粗大ごみ,,large
,ロープ,可燃ごみ,,combustible
,ローボード,粗大ごみ,,large
,ローラースケート,不燃ごみ,,incombustible
,ローラーブレード,不燃ごみ,,incombustible
,ロッカー,粗大ごみ,,large
わ,ワードプロセッサー(ワープロ),粗大ごみ,,large
,ワープロインクリボン,可燃ごみ,,combustible
,ワープロインクリボンの外箱,資源物(古紙・布類)の【古紙（雑がみ）】,,paper
,ワープロインクリボンの個袋（プラスチック製）,可燃ごみ,,combustible
,Ｙシャツ,資源物(古紙・布類)の【布類】,,cloth
,Ｙシャツの外包装,可燃ごみ,,combustible
,Ｙシャツの中台紙,資源物(古紙・布類)の【古紙（雑がみ）】,,paper
,ワイヤー,不燃ごみ,,incombustible
,ワイヤーロープ,不燃ごみ,,incombustible
,ワインのびん,資源物(びん・缶・ペットボトル)の【びん】,水ですすぐ,bottle
,ワインの栓（コルク）,可燃ごみ,,combustible
,ワインの栓（金属製）,資源物(びん・缶・ペットボトル)の【缶】,,can
,ワイン庫（ワインセラー）,家電リサイクル対象,,recycle
,ワイン抜き,不燃ごみ,,incombustible
,輪ゴム,可燃ごみ,,combustible
,輪ゴムの外箱,資源物(古紙・布類)の【古紙（雑がみ）】,,paper
,ワゴン（台所用など）,粗大ごみ,,large
,わさびのチューブ（フタを含む）,可燃ごみ,,combustible
,わさびの外箱（紙製）,資源物(古紙・布類)の【古紙（雑がみ）】,,paper
,和ダンス,粗大ごみ,,large
,ワックス,可燃ごみ,,combustible
,ワックス加工紙,可燃ごみ,,combustible
,ワックス容器（缶・ボトル）,不燃ごみ,,incombustible
,和服,資源物(古紙・布類)の【布類】,帯や足袋などの小物や反物は「可燃ごみ」へ,cloth
,わら製品,可燃ごみ,,combustible
,割り箸,可燃ごみ,,combustible
,割り箸の外袋（紙製）(汚れていないもの),資源物(古紙・布類)の【古紙（雑がみ）】,汚れたものは「可燃ごみ」へ,paper
,割り箸の外袋（プラスチック製）,可燃ごみ,,combustible
,割れたびん,不燃ごみ,紙で包み「危険」と書いて不燃ごみ指定袋へ(指定袋に入る場合),incombustible
,ワンカップのびん,資源物(びん・缶・ペットボトル)の【びん】,水ですすぐ,bottle
